,W431825,W431828,W431831,W431837,W431844,W431850,W431854,W431863,W431866,W431867,W431871,W431883,W431884,W431885,W431894,W431895,W431897,W431899,W431900,W431910,W431911,W431924,W431926,W431940,W431947,W431952,W431953,W431954,W431960,W431964,W431965,W431974,W431975,W431982,W431992,W431994,W431996,W432001,W432003,W432005,W432006,W432008,W432009,W432011,W432013,W431442,W431450,W431452,W431453,W431458,W431462,W431463,W431475,W431479,W431481,W431486,W431489,W431490,W431493,W431505,W431507,W431514,W431518,W431519,W431525,W431535,W431536,W431539,W431540,W431546,W431553,W431560,W431561,W431574,W431579,W431580,W431587,W431588,W431590,W431598,W431603,W431604,W431606,W431613,W431615,W431617,W431618,W431620,W431626,W431628,W431629,W431251,W431252,W431270,W431273,W431277,W431278,W431279,W431292,W431293,W431294,W431297,W431298,W431301,W431304,W431306,W431308,W431312,W431317,W431319,W431320,W431323,W431324,W431326,W431333,W431336,W431337,W431339,W431341,W431342,W431343,W431344,W431346,W431359,W431361,W431363,W431365,W431367,W431373,W431376,W431378,W431379,W431381,W431386,W431393,W431394,W431406,W431407,W431409,W431410,W431413,W431414,W431415,W431416,W431426,W431436,W431437,W431439,W431440,W416474,W416477,W416484,W416493,W416502,W416505,W416507,W416514,W416515,W416516,W416517,W416519,W416521,W416524,W416525,W416532,W416533,W416538,W416543,W416544,W416549,W416553,W416554,W416563,W416564,W416567,W416575,W416578,W416579,W416584,W416587,W416592,W416594,W416596,W416597,W416598,W416599,W416605,W416607,W416609,W416610,W416614,W416615,W416616,W416623,W416624,W416625,W416633,W416636,W416092,W416094,W416095,W416111,W416115,W416117,W416123,W416135,W416136,W416138,W416141,W416143,W416150,W416152,W416153,W416168,W416171,W416175,W416185,W416193,W416194,W416195,W416199,W416201,W416202,W416205,W416207,W416215,W416217,W416247,W416248,W416249,W416256,W416257,W416266,W416270,W416271,W379025,W379034,W379036,W379038,W379039,W379040,W379041,W379042,W379043,W379046,W379047,W379049,W379051,W379052,W379053,W379054,W379055,W379057,W379059,W379061,W379062,W379064,W379065,W379066,W379067,W379069,W379070,W379071,W379072,W379073,W379074,W379075,W379078,W379080,W379087,W379088,W379089,W379092,W379094,W379096,W379097,W379098,W379099,W379100,W379103,W379104,W379110,W379111,W379112,W379115,W379116,W379117,W379118,W379119,W379122,W379127,W379129,W379131,W379133,W379135,W379136,W379137,W379141,W379142,W379143,W379145,W379146,W379149,W379152,W379155,W379157,W379158,W379161,W379163,W379164,W379171,W379172,W379175,W379183,W379185,W379190,W379191,W379194,W379195,W379197,W379203,W379207,W379211,W379212,W379214,W378835,W378839,W378842,W378844,W378845,W378847,W378849,W378850,W378852,W378856,W378857,W378858,W378859,W378861,W378862,W378864,W378865,W378866,W378870,W378873,W378875,W378877,W378880,W378881,W378882,W378884,W378885,W378886,W378887,W378888,W378889,W378890,W378892,W378895,W378896,W378898,W378901,W378905,W378906,W378909,W378911,W378912,W378913,W378914,W378915,W378916,W378917,W378919,W378920,W378921,W378925,W378926,W378930,W378934,W378935,W378937,W378941,W378942,W378946,W378947,W378949,W378950,W378951,W378953,W378954,W378957,W378958,W378959,W378962,W378965,W378969,W378974,W378975,W378981,W378982,W378983,W378985,W378986,W378987,W378988,W378991,W378998,W378999,W379001,W379002,W379004,W379007,W379012,W379013,W379021,W379023,W378641,W378644,W378645,W378646,W378649,W378650,W378651,W378653,W378654,W378656,W378659,W378660,W378663,W378664,W378668,W378669,W378670,W378675,W378677,W378678,W378679,W378681,W378683,W378685,W378690,W378695,W378696,W378699,W378700,W378701,W378703,W378704,W378705,W378708,W378709,W378711,W378712,W378713,W378718,W378719,W378721,W378723,W378725,W378726,W378729,W378730,W378731,W378733,W378734,W378735,W378739,W378740,W378741,W378745,W378746,W378747,W378749,W378750,W378751,W378756,W378758,W378760,W378764,W378765,W378769,W378770,W378772,W378773,W378777,W378779,W378784,W378785,W378787,W378788,W378789,W378791,W378792,W378793,W378794,W378795,W378796,W378797,W378801,W378802,W378803,W378806,W378807,W378808,W378809,W378815,W378817,W378819,W378823,W378824,W378825,W378827,W378828,W378830,W378831,W378450,W378453,W378454,W378458,W378459,W378460,W378461,W378463,W378464,W378467,W378469,W378471,W378475,W378477,W378478,W378482,W378484,W378487,W378489,W378490,W378491,W378495,W378498,W378499,W378503,W378504,W378505,W378506,W378507,W378510,W378511,W378514,W378516,W378520,W378521,W378523,W378526,W378527,W378528,W378530,W378531,W378532,W378536,W378537,W378540,W378541,W378544,W378547,W378548,W378550,W378555,W378559,W378560,W378563,W378564,W378565,W378566,W378571,W378574,W378575,W378577,W378578,W378579,W378580,W378582,W378583,W378584,W378586,W378587,W378589,W378590,W378591,W378593,W378599,W378601,W378602,W378603,W378604,W378606,W378608,W378609,W378612,W378613,W378617,W378618,W378620,W378621,W378622,W378623,W378624,W378625,W378626,W378627,W378628,W378629,W378630,W378632,W378633,W378635,W378636,W378637,W378638,W341013,W341018,W341019,W341023,W341028,W341029,W341035,W341038,W341041,W341045,W341052,W341055,W341057,W341059,W341064,W341073,W341078,W341083,W341093,W341094,W341097,W341102,W341106,W341111,W341113,W341120,W341126,W341127,W341129,W341132,W341134,W341147,W341149,W341159,W341162,W341163,W341164,W341165,W341169,W341171,W341173,W341174,W341180,W341188,W341189,W341192,W341193,W341196,W341199,W341200,W340817,W340818,W340821,W340823,W340834,W340837,W340839,W340841,W340849,W340850,W340854,W340855,W340860,W340866,W340872,W340873,W340876,W340894,W340896,W340898,W340903,W340904,W340906,W340908,W340915,W340916,W340917,W340918,W340932,W340933,W340940,W340944,W340948,W340950,W340952,W340954,W340955,W340957,W340962,W340971,W340972,W340974,W340981,W340982,W340988,W340992,W340995,W340996,W340999,W341002,W340626,W340631,W340633,W340635,W340636,W340646,W340653,W340654,W340657,W340658,W340660,W340664,W340669,W340670,W340672,W340677,W340681,W340684,W340685,W340689,W340692,W340698,W340703,W340705,W340707,W340709,W340716,W340718,W340738,W340740,W340745,W340751,W340753,W340755,W340764,W340765,W340771,W340772,W340775,W340778,W340779,W340784,W340786,W340791,W340794,W340799,W340803,W340808,W340810,W340816,W340244,W340247,W340253,W340256,W340259,W340262,W340263,W340270,W340272,W340275,W340278,W340279,W340283,W340286,W340299,W340300,W340302,W340306,W340312,W340316,W340322,W340324,W340331,W340335,W340336,W340340,W340342,W340343,W340346,W340347,W340348,W340350,W340351,W340352,W340355,W340359,W340361,W340362,W340363,W340365,W340366,W340368,W340370,W340371,W340377,W340378,W340380,W340383,W340384,W340385,W340390,W340392,W340399,W340400,W340402,W340405,W340410,W340413,W340415,W340416,W340418,W340420,W340424,W340426,W340427,W340428,W340429,W340430,W340050,W340051,W340052,W340054,W340059,W340060,W340061,W340063,W340064,W340067,W340068,W340070,W340074,W340078,W340082,W340083,W340087,W340088,W340090,W340098,W340101,W340104,W340108,W340109,W340112,W340113,W340115,W340118,W340125,W340128,W340129,W340131,W340133,W340136,W340138,W340139,W340141,W340146,W340150,W340153,W340156,W340161,W340164,W340171,W340173,W340177,W340182,W340183,W340186,W340190,W340192,W340204,W340213,W340214,W340216,W340219,W340228,W340229,W340236,W340238,W339859,W339860,W339866,W339870,W339876,W339882,W339885,W339891,W339894,W339895,W339901,W339903,W339905,W339909,W339910,W339914,W339915,W339916,W339917,W339918,W339920,W339924,W339932,W339935,W339936,W339940,W339945,W339959,W339961,W339978,W339980,W339985,W339992,W339993,W339994,W339997,W339998,W339999,W340009,W340010,W340014,W340019,W340024,W340026,W340029,W340031,W340032,W340035,W340036,W340037,W340041,W340045,W339666,W339668,W339669,W339670,W339678,W339685,W339689,W339690,W339691,W339696,W339701,W339703,W339704,W339706,W339711,W339712,W339713,W339714,W339723,W339724,W339725,W339728,W339730,W339731,W339735,W339737,W339738,W339739,W339741,W339742,W339743,W339745,W339746,W339748,W339749,W339756,W339758,W339770,W339772,W339776,W339778,W339785,W339797,W339800,W339801,W339805,W339811,W339813,W339814,W339815,W339825,W339828,W339837,W339838,W339840,W339842,W339848,W314901,W314903,W314906,W314908,W314910,W314912,W314913,W314914,W314916,W314920,W314922,W314923,W314924,W314925,W314926,W314927,W314928,W314929,W314930,W314931,W314932,W314934,W314935,W314937,W314939,W314941,W314942,W314943,W314944,W314945,W314946,W314947,W314949,W314951,W314952,W314955,W314957,W314958,W314960,W314961,W314962,W314963,W314964,W314965,W314966,W314968,W314969,W314971,W314972,W314974,W314976,W314977,W314984,W314986,W314990,W314991,W314998,W315001,W315002,W315003,W315005,W315007,W315009,W315010,W315013,W315014,W315016,W315017,W315019,W315020,W315022,W315024,W315026,W315027,W315029,W315033,W315035,W315037,W315038,W315040,W315041,W315042,W315044,W315045,W315047,W315048,W315050,W315051,W315052,W315055,W315056,W315059,W315063,W315065,W315070,W315075,W315076,W315077,W315082,W315083,W315084,W315086,W315087,W315088,W314715,W314716,W314718,W314723,W314725,W314731,W314733,W314741,W314745,W314751,W314754,W314755,W314757,W314765,W314770,W314772,W314774,W314775,W314778,W314785,W314788,W314793,W314796,W314799,W314800,W314803,W314804,W314805,W314806,W314809,W314811,W314812,W314813,W314816,W314818,W314821,W314823,W314825,W314828,W314830,W314831,W314832,W314834,W314835,W314836,W314841,W314842,W314843,W314847,W314848,W314849,W314850,W314851,W314853,W314854,W314855,W314856,W314860,W314863,W314864,W314865,W314867,W314868,W314874,W314875,W314876,W314879,W314882,W314883,W314884,W314885,W314886,W314887,W314893,W314894,W292242,W292246,W292250,W292251,W292255,W292256,W292258,W292259,W292263,W292266,W292267,W292270,W292271,W292272,W292277,W292279,W292282,W292283,W292284,W292286,W292288,W292290,W292291,W292292,W292295,W292296,W292299,W292300,W292302,W292304,W292306,W292307,W292308,W292309,W292310,W292312,W292314,W292315,W292317,W292323,W292324,W292325,W292328,W292330,W292338,W292339,W292342,W292346,W292349,W292350,W292351,W292354,W292355,W292356,W292357,W292358,W292363,W292366,W292367,W292368,W292371,W292372,W292374,W292380,W292381,W292382,W292388,W292390,W292391,W292394,W292396,W292397,W292398,W292399,W292402,W292403,W292404,W292405,W292411,W292412,W292413,W292414,W292416,W292417,W292420,W292421,W292423,W292426,W292427,W292431,W292432,W291857,W291858,W291859,W291860,W291863,W291866,W291868,W291869,W291870,W291871,W291872,W291874,W291879,W291880,W291881,W291884,W291886,W291889,W291890,W291892,W291894,W291895,W291896,W291897,W291898,W291899,W291903,W291905,W291906,W291907,W291908,W291909,W291914,W291916,W291918,W291921,W291922,W291924,W291927,W291928,W291930,W291931,W291933,W291936,W291937,W291939,W291944,W291946,W291947,W291948,W291951,W291956,W291957,W291961,W291962,W291963,W291965,W291967,W291968,W291969,W291971,W291979,W291980,W291985,W291987,W291992,W291995,W291996,W291999,W292000,W292001,W292002,W292003,W292004,W292008,W292010,W292012,W292013,W292014,W292015,W292021,W292023,W292025,W292026,W292027,W292030,W292031,W292033,W292038,W292039,W292043,W291665,W291666,W291668,W291670,W291676,W291677,W291679,W291680,W291683,W291685,W291686,W291687,W291689,W291694,W291696,W291697,W291698,W291700,W291701,W291702,W291703,W291705,W291706,W291708,W291709,W291711,W291712,W291713,W291714,W291715,W291717,W291720,W291721,W291723,W291725,W291727,W291728,W291729,W291730,W291731,W291732,W291734,W291736,W291738,W291739,W291740,W291741,W291743,W291745,W291746,W291748,W291749,W291750,W291752,W291753,W291755,W291756,W291757,W291758,W291760,W291761,W291762,W291763,W291764,W291765,W291769,W291770,W291772,W291773,W291774,W291775,W291776,W291779,W291781,W291783,W291785,W291786,W291787,W291789,W291790,W291794,W291795,W291796,W291799,W291801,W291803,W291804,W291805,W291807,W291808,W291809,W291813,W291814,W291816,W291817,W291819,W291820,W291823,W291824,W291825,W291826,W291828,W291830,W291831,W291833,W291836,W291837,W291839,W291840,W291841,W291842,W291844,W291845,W291847,W291848,W291850,W291852,W291853,W291856
Aire,0,0,0,3,0,0,0,0,1,0,0,0,0,0,0,0,0,0,0,0,0,0,11,1,0,0,0,0,0,9,0,0,0,0,0,0,0,0,0,0,0,0,0,13,0,0,1,0,0,0,0,0,0,0,0,0,1,0,0,0,0,0,4,0,0,1,0,0,0,0,1,0,5,0,0,0,0,0,1,0,0,0,2,4,0,3,0,0,6,0,0,0,0,0,0,3,0,6,8,0,3,1,0,15,0,0,3,0,0,0,0,0,0,0,12,0,0,0,0,0,0,0,0,7,0,7,1,10,1,0,0,0,4,0,0,0,0,12,0,0,0,1,0,0,0,0,0,0,0,0,0,0,0,0,3,0,0,3,0,0,0,0,0,0,2,0,0,0,0,1,0,0,0,4,0,0,0,1,0,13,0,2,0,0,0,0,0,0,0,0,0,0,0,0,0,0,0,0,0,0,0,0,3,0,0,0,0,0,0,0,0,0,0,0,0,0,0,0,0,0,1,0,0,0,2,0,0,1,0,1,0,0,0,3,0,0,0,17,0,0,1,0,0,6,0,5,5,0,2,4,0,0,1,1,1,0,0,0,1,2,0,0,0,0,1,0,2,0,1,1,0,0,0,0,2,0,0,0,0,4,0,0,0,0,0,0,0,0,0,14,1,0,0,0,0,0,0,2,0,12,6,0,0,1,0,1,0,0,3,0,1,0,2,11,0,0,5,0,0,1,0,0,0,0,0,0,2,0,0,0,0,14,0,0,0,0,0,1,0,2,0,0,0,8,0,2,0,0,1,0,1,1,0,5,0,1,0,0,0,0,0,5,0,1,1,0,0,0,0,2,0,0,0,1,1,0,0,0,0,0,0,0,0,0,0,0,0,0,0,0,0,0,0,0,0,0,0,0,0,0,0,9,0,0,1,0,0,0,0,1,1,0,9,4,2,0,0,0,0,0,1,0,1,0,0,0,0,0,0,0,0,0,0,1,0,1,0,0,0,0,0,10,1,0,0,0,0,6,0,3,0,0,2,0,1,0,0,0,1,0,0,0,0,0,0,0,6,0,0,0,8,9,0,0,1,4,1,0,1,0,0,0,9,0,1,0,0,0,0,3,0,1,0,8,3,0,0,0,0,21,0,0,0,0,0,0,0,0,0,1,4,0,3,0,0,0,0,4,0,0,0,0,6,0,0,0,0,1,9,0,17,0,0,0,16,0,0,10,0,0,0,0,0,0,0,0,0,0,2,0,1,30,0,3,0,0,1,0,3,0,0,0,0,0,0,0,1,0,18,0,0,0,0,0,0,0,0,9,0,0,0,0,0,0,0,5,1,5,0,0,20,0,2,1,0,0,0,0,0,1,0,2,0,1,0,0,0,0,2,0,0,9,0,0,1,0,0,0,0,2,0,2,0,0,4,0,1,0,1,0,2,0,0,0,1,0,3,14,2,0,2,3,0,0,1,0,0,0,12,0,1,0,3,0,1,0,0,0,0,0,6,0,0,1,0,10,0,5,2,0,6,0,0,0,0,3,0,1,1,0,1,0,0,1,0,0,0,0,0,5,0,0,0,0,2,1,0,0,0,4,1,2,3,0,0,3,2,0,0,2,0,0,8,0,0,0,0,0,0,0,0,0,1,0,0,0,0,0,0,0,0,0,0,1,1,0,0,2,4,0,0,0,0,0,2,0,0,0,4,0,0,3,0,0,0,6,0,0,0,0,0,5,0,0,0,0,5,0,0,0,0,0,1,0,2,0,0,4,5,0,4,15,0,0,4,6,5,0,1,0,21,0,2,0,1,12,0,0,1,0,0,0,8,0,0,0,0,9,0,0,1,0,2,2,2,2,1,1,0,0,0,0,0,1,0,8,0,0,2,1,0,0,22,19,0,0,21,0,1,9,0,0,1,8,0,0,15,0,0,0,4,0,1,17,0,1,0,0,0,1,0,0,23,1,0,0,1,15,0,0,1,17,0,0,5,0,0,1,0,0,0,0,2,2,4,0,0,0,0,0,0,0,2,0,0,0,0,6,1,0,1,0,0,0,0,0,0,0,1,0,0,0,8,0,1,0,0,0,0,3,3,4,7,0,0,7,6,0,1,0,0,0,0,2,4,1,2,6,0,2,0,0,0,6,0,0,1,10,0,0,0,4,2,0,0,0,8,0,0,0,3,1,0,0,4,0,1,3,6,0,4,0,0,1,0,0,0,1,2,0,1,3,1,0,2,7,2,0,3,1,1,0,3,0,0,0,0,0,0,0,0,0,7,0,0,0,0,0,1,1,9,0,0,0,0,0,3,0,0,0,0,2,0,0,0,0,3,0,0,1,0,0,0,0,0,0,0,0,0,0,0,0,0,1,0,1,0,0,0,2,0,0,6,0,0,0,0,0,0,1,0,5,0,0,0,0,0,0,0,0,0,0,0,3,0,7,0,0,0,0,3,0,2,0,0,0,0,5,0,3,1,1,0,0,0,0,0,0,0,0,2,2,0,0,0,6,0,0,0,0,0,0,0,0,0,1,0,0,1,1,1,0,0,0,1,0,0,0,0,1,1,1,3,0,0,0,0,1,2,0,0,0,0,0,0,0,0,0,1,2,5,0,3,7,0,0,5,0,1,0,0,0,0,0,1,0,0,0,0,0,0,0,0,0,0,0,0,0,3,0,0,0,0,2,0,0,0,1,1,0,0,0,0,0,0,0,0,0,0,0,0,2,0,0,0,0,0,1,0,2,0,0,2,0,1,2,0,0,0,0,0,0,0,0,0,0,0,0,2,1,0,0,0,0,0,0,0,0,0,0,0,0,0,0,1,0,0,0,0,0,0,0,0,0,0,0,0,1,16,0,0,0,0,0,0,0,4,0,0,0,0,0,24,16,0,0,0,0,0,0,0,0,0,0,1,0,0,0,5,0,0,0,0,3,0,0,2,2,0,0,0,3,0,2,2,0,0,0,0,5,0,0,0,0,0,0,0,0,0,0,0,0,0,0,0,1,0,0,0,0,0,0,0,2,0,0,0,0,0,0,0,2,0,0,0,1,0,0,0,0,0,0,8,0,0,1,0,0,0,9,0,4,0,0,0,0,0,0,0,0,0,0,0,16,0,0,0,0,1,0,1,0,0,7,0,0,0,3,0,0,4,0,0,8,1,0,0,0,0,0,0,0,0,2,0,0,0,4,0,1,4,0,0,0,0,0,0,0,0,0,0,0,0,1,0,0,0,0,0,0,0,0,5,0,2,2,4,0,0,3,1,0,0,0,0,0,0,3,0,1,0,0,0,0,4,0,0,0,1,0,0,2,0,6,0,0,0,0,5,0,0,0,0,0,0,0,0,1,0,0,0,0,0,0
Apoe,0,2,0,2,3,0,4,0,0,0,1,1,0,2,0,8,2,0,5,4,5,4,9,11,5,0,0,2,5,2,0,0,48,5,0,11,1,0,5,2,0,0,2,9,5,0,0,7,0,0,7,0,11,1,1,0,2,17,1,5,2,0,1,0,3,0,0,2,1,0,4,0,2,10,2,0,1,0,0,2,1,3,0,0,1,2,0,0,1,0,0,0,1,1,0,4,10,0,0,8,1,0,0,1,26,2,3,3,1,16,0,2,0,13,1,4,0,1,0,3,4,0,0,1,2,0,0,0,0,0,4,3,1,0,2,24,1,0,2,0,0,22,0,1,1,0,2,1,0,0,3,3,1,0,2,0,0,0,0,1,1,0,2,0,2,0,0,0,0,0,0,0,0,1,1,0,7,0,1,1,3,0,7,0,1,0,0,1,0,9,0,0,0,0,6,0,2,0,0,3,1,0,0,0,0,2,0,2,0,2,0,0,1,0,0,0,0,1,0,1,0,3,10,0,0,0,17,0,8,0,0,0,0,0,0,1,2,0,33,37,0,2,5,0,5,3,0,1,0,2,1,1,0,2,0,1,2,0,0,0,3,20,0,12,0,0,1,1,0,17,10,0,0,2,1,3,0,3,11,0,0,0,1,11,0,0,0,0,13,0,0,2,0,0,0,1,2,0,2,0,0,1,0,1,3,2,2,1,0,0,2,0,0,0,2,0,1,0,1,4,2,0,14,1,1,0,2,0,4,1,0,0,1,2,9,7,0,0,0,2,1,3,1,0,0,0,4,0,1,0,0,2,0,0,0,1,0,0,7,5,0,8,0,0,0,0,0,8,1,0,1,0,3,0,2,1,1,0,0,34,5,0,0,2,0,0,0,4,5,0,6,0,5,2,6,0,5,12,0,2,3,0,1,2,0,1,3,0,0,1,0,1,0,0,0,0,0,0,0,19,0,34,17,1,2,0,10,0,0,2,1,5,3,10,0,3,6,4,10,0,0,3,0,4,3,7,3,0,3,0,0,2,0,0,8,9,0,3,0,0,2,1,5,0,18,0,1,0,2,0,0,0,12,2,1,0,2,4,0,0,1,0,0,0,1,8,16,0,17,0,3,4,0,0,0,0,0,1,3,2,3,0,6,2,25,1,1,2,0,3,1,1,0,0,5,0,7,0,0,10,0,4,0,0,1,1,3,7,1,0,0,5,0,0,2,1,0,0,0,0,0,2,0,20,4,1,7,1,1,1,1,1,4,7,0,0,2,7,4,0,0,4,0,16,0,8,0,0,5,5,0,0,2,0,1,4,10,1,1,3,0,1,1,1,8,0,1,1,2,1,0,4,0,3,0,0,0,2,19,12,1,2,0,0,16,13,0,0,0,0,0,0,3,21,0,2,0,0,1,0,3,0,0,8,0,1,0,3,1,0,0,1,0,3,1,2,0,0,0,6,0,0,1,0,0,0,0,0,0,2,7,0,0,0,0,4,17,3,0,1,1,0,0,1,5,0,1,1,0,0,0,0,1,2,0,1,1,0,0,1,0,8,0,1,5,0,3,8,1,4,3,0,8,6,1,0,0,0,14,7,0,1,0,1,0,0,1,0,0,0,1,0,4,0,3,0,0,1,1,1,6,2,0,0,0,0,0,0,0,2,0,0,6,2,1,0,3,1,1,1,1,3,0,5,0,0,0,0,2,0,1,0,0,1,0,1,0,0,2,1,0,0,0,2,7,3,0,1,0,1,0,0,0,0,0,0,0,0,1,1,0,0,1,0,0,0,0,3,2,0,0,1,0,0,0,0,0,0,0,0,3,0,1,1,0,0,6,0,0,0,0,2,0,0,0,0,25,0,12,0,4,0,0,1,2,0,1,0,0,0,2,8,0,3,5,0,0,0,5,0,0,3,0,0,5,6,0,0,4,0,0,0,0,0,0,8,0,0,0,0,1,3,0,2,0,0,0,1,15,8,0,0,0,0,2,2,0,0,1,2,0,0,0,0,0,0,2,0,9,15,1,0,0,0,0,6,2,0,0,1,0,0,0,1,1,0,0,4,0,0,9,0,0,0,0,2,1,0,0,0,0,0,7,0,3,0,0,0,0,2,0,3,0,1,0,0,0,0,0,1,3,0,0,1,3,0,1,0,0,0,3,0,0,0,0,0,3,0,2,0,3,1,1,2,8,0,0,0,3,15,0,1,0,1,1,0,0,0,0,4,0,0,0,4,0,2,1,0,0,2,1,0,0,0,1,0,0,0,0,0,0,4,1,3,4,1,7,2,1,0,0,1,0,1,0,0,1,0,0,0,6,3,0,3,7,6,0,1,1,6,6,0,2,5,2,0,1,2,5,2,4,0,0,3,4,5,0,1,2,0,1,0,0,7,1,0,0,0,29,7,0,0,6,0,0,0,1,0,1,4,0,1,0,0,16,1,5,0,1,0,0,0,0,1,1,0,4,0,0,0,7,1,2,2,0,3,1,7,1,0,0,0,0,0,1,1,0,5,0,0,1,0,0,0,0,2,3,0,0,0,11,6,6,4,0,1,1,4,0,0,2,1,0,0,5,0,0,0,2,0,1,0,0,1,0,0,2,1,0,0,0,0,0,3,5,0,0,0,0,0,8,0,2,0,0,0,0,0,4,0,0,0,0,1,0,0,2,0,1,0,0,10,3,0,0,2,1,6,0,0,0,0,0,18,1,0,0,2,1,0,0,3,28,0,1,0,1,0,0,0,2,0,11,1,4,11,0,0,2,7,0,1,1,1,5,0,26,7,3,0,0,2,3,1,0,0,0,0,0,0,0,10,12,5,0,2,0,24,2,8,2,7,2,3,2,1,0,0,3,0,1,0,9,0,0,0,0,0,0,2,0,7,3,2,0,3,1,0,1,0,5,3,3,3,0,0,0,0,1,1,6,1,6,3,0,1,1,1,1,0,0,1,0,2,1,1,0,0,1,0,0,0,6,3,0,1,0,1,0,0,0,1,0,1,0,0,1,0,5,2,0,0,0,13,1,2,0,0,0,1,0,0,1,0,0,0,2,0,0,2,3,4,0,1,3,0,0,0,0,3,3,7,2,1,1,1,0,0,1,0,0,0,30,3,0,0,9,1,0,2,10,8,0,4,0,2,2,0,0,0,0,5,3,0,0,0,11,3,0,0,2,0,0,0,0,5,2,3,12,0,0,0,0,2,0,1,0,2,1,0,3,7,0,0,0,0,2,1,1,0,0,1,0,0,1,0,1,3,0,0,0,0,4,2,0,0,0,2,1,0,0,0,2,0,1,1,3,0,0,7,0,0,2,0,0,1,1,0,3,2,0,16,0,0,2,0,1,0,0,13,7,0,0,0
Ascl1,0,0,0,0,0,1,1,0,3,0,0,0,0,1,0,5,0,0,0,0,0,0,5,0,6,3,5,0,0,3,1,0,1,0,2,0,0,0,1,0,0,2,4,0,8,0,0,4,5,1,2,6,5,0,4,4,0,5,0,1,0,0,0,2,0,2,0,0,0,0,5,0,5,6,1,4,0,0,0,0,6,1,2,5,0,0,0,9,0,7,4,13,2,0,0,1,7,5,3,0,4,0,6,3,0,0,0,9,0,7,7,1,6,2,5,1,0,0,0,1,13,0,7,0,17,0,8,2,1,6,0,2,0,0,21,3,2,0,11,0,0,0,0,1,4,0,2,2,0,0,1,0,0,0,0,11,0,0,5,1,1,0,0,0,17,0,13,21,0,0,3,0,0,11,0,0,0,7,2,2,2,0,0,1,0,0,0,0,0,0,0,0,9,0,13,0,0,0,3,0,0,9,0,1,3,3,1,0,0,2,0,0,0,2,0,0,0,0,1,1,0,8,0,0,3,0,0,9,0,5,9,0,4,1,0,4,3,1,1,2,0,0,0,0,11,0,0,0,2,0,0,9,1,1,5,0,0,10,0,0,2,1,0,4,0,3,0,0,0,4,0,0,0,1,1,1,3,2,2,1,2,0,0,0,1,0,0,0,0,9,6,1,0,1,0,3,0,0,0,1,0,1,1,0,5,0,1,5,2,0,3,0,0,0,0,0,0,0,0,7,0,3,0,5,2,0,0,0,6,2,0,1,3,2,1,3,4,0,1,7,0,0,2,1,1,10,0,0,0,1,1,0,0,1,0,1,4,0,5,5,0,15,0,0,0,4,0,0,2,1,2,0,6,0,2,5,1,0,0,9,4,4,0,0,0,0,0,1,1,5,2,1,1,0,3,0,0,0,4,9,6,0,1,1,0,0,1,4,0,0,0,0,1,0,1,8,0,5,0,5,2,2,16,0,1,3,0,6,0,1,0,8,1,2,0,0,3,7,1,0,0,0,0,3,2,0,2,0,3,5,0,3,0,2,2,14,0,0,12,0,1,0,1,0,0,0,0,0,9,0,5,0,0,0,10,0,0,0,0,2,5,5,0,0,11,1,0,17,2,7,0,0,0,0,0,0,0,0,11,11,9,0,10,1,4,0,0,6,4,2,20,0,1,0,1,0,3,14,2,0,1,4,17,13,0,0,1,12,0,2,8,0,6,3,2,0,0,14,1,0,10,4,9,1,7,4,0,0,0,0,2,0,1,13,6,0,3,2,21,6,0,0,0,1,0,7,0,0,0,2,0,0,0,0,0,1,0,3,0,1,0,1,1,0,0,0,0,11,0,0,0,0,1,4,3,0,0,0,1,0,0,0,1,0,7,18,0,0,1,0,0,1,5,3,0,1,4,0,4,1,7,4,0,1,0,0,1,0,0,8,1,0,0,1,0,1,0,0,2,0,0,0,0,1,5,0,0,1,4,0,4,1,0,0,0,0,1,0,2,1,2,0,6,0,0,2,2,0,3,0,0,1,3,0,4,0,3,0,1,1,2,1,2,1,0,1,0,0,1,1,4,0,0,0,0,0,0,2,3,0,0,0,1,1,0,0,0,0,9,0,4,0,0,1,0,0,4,1,0,3,4,3,0,0,0,0,2,0,1,0,2,0,1,7,0,1,0,0,2,1,0,0,12,3,1,0,5,0,1,3,0,0,0,3,0,0,0,0,5,7,4,1,1,1,5,5,1,1,0,1,1,2,0,1,0,2,0,2,1,3,0,1,0,0,3,0,3,0,0,9,3,4,0,6,0,1,0,1,0,1,0,2,1,0,0,0,1,0,0,1,0,0,1,0,0,1,1,2,6,1,2,0,0,2,0,1,3,0,1,0,4,3,0,23,0,2,0,2,3,3,0,1,0,0,0,1,0,0,1,6,0,1,0,6,4,0,6,5,1,0,0,6,3,0,0,0,0,5,0,2,13,4,3,0,0,1,0,0,0,0,0,0,0,0,1,0,3,0,0,0,0,0,1,7,1,1,1,2,0,0,0,2,0,6,2,1,1,4,2,1,0,0,0,1,0,3,0,0,0,0,0,0,0,0,1,0,0,0,0,1,0,1,0,0,0,0,1,3,0,1,3,4,0,0,2,2,0,0,9,0,0,1,0,2,0,0,0,0,4,2,0,2,0,1,0,0,1,0,0,1,0,2,0,1,0,4,0,1,4,1,0,0,14,1,0,0,0,1,0,1,0,1,0,0,0,0,2,0,0,2,1,5,1,1,4,0,1,0,5,1,1,3,0,1,0,0,0,0,0,0,2,0,0,1,0,2,0,0,0,1,0,0,0,0,12,0,2,0,1,0,0,0,4,0,6,5,0,0,0,0,2,3,2,0,0,0,0,1,0,1,0,0,0,0,1,0,0,0,0,0,0,0,1,2,0,4,1,2,0,0,0,0,0,3,0,0,5,0,0,0,0,1,0,0,0,0,0,5,0,1,1,0,0,13,0,0,0,0,0,0,3,0,1,0,0,4,0,2,0,0,3,0,0,0,1,2,1,0,1,0,0,0,0,4,0,6,0,0,0,1,1,0,0,0,0,0,0,0,1,4,0,4,3,0,0,0,0,0,0,0,0,0,0,0,0,0,0,1,4,0,0,0,0,0,3,0,1,0,0,6,3,3,0,0,0,0,5,1,0,0,0,0,5,0,0,1,2,0,4,0,0,0,0,0,3,0,0,0,0,5,2,3,0,0,7,1,0,0,1,1,0,0,0,4,0,1,0,3,2,0,0,0,0,2,2,1,0,0,0,0,2,0,0,1,1,0,0,1,0,0,3,2,0,1,5,3,0,4,1,0,3,0,0,1,0,0,0,0,2,1,0,9,3,0,0,0,0,0,0,0,0,1,0,3,0,1,2,0,5,2,1,0,0,0,1,0,0,1,0,2,0,0,0,0,0,9,0,0,0,0,0,0,0,1,0,1,1,0,0,0,0,0,0,2,0,0,0,0,3,0,0,0,0,0,0,3,1,0,0,2,0,0,1,7,0,0,0,0,0,0,0,0,0,6,0,0,0,0,0,0,0,0,5,4,0,4,3,0,0,0,5,0,7,0,0,2,7,6,0,0,0,0,0,1,0,10,0,0,0,2,2,0,1,0,8,3,3,0,0,0,0,0,3,0,0,3,0,0,0,0,0,3,0,4,0,1,2,1,0,0,0,0,1,2,8,0,4,0,0,0,0,0,0,0,1,0,0,5,0,0,1,0,1,1,0,11,0,0,0,0,0,0,2,0,12,3,0,2,0,0,0,0,0,1,0,0,0,0,3,0,0,0,0,3,0,4,0,0,0,0,0,1,2,0
Avil,7,0,6,2,0,0,0,0,0,8,0,5,4,0,5,0,0,0,0,0,0,0,0,0,0,0,0,0,4,0,0,0,0,17,0,0,8,0,0,13,0,1,0,1,0,0,0,0,0,0,0,0,0,0,0,0,0,0,0,0,0,8,0,1,0,0,3,0,0,0,0,8,0,0,0,0,1,6,0,2,0,0,0,0,0,0,7,0,0,0,0,1,0,0,0,0,0,0,0,0,0,6,0,0,0,0,0,0,0,0,1,3,0,0,0,0,0,2,10,0,0,0,0,0,1,0,0,0,0,0,0,0,0,0,1,0,0,0,0,0,5,0,3,0,0,0,0,0,2,0,0,0,0,0,0,0,2,1,0,0,0,0,0,9,1,10,0,0,5,0,2,0,0,1,12,3,0,1,0,0,0,0,0,0,0,6,0,0,0,1,8,0,1,0,0,9,1,6,0,0,0,0,0,0,0,0,0,0,0,0,0,0,0,0,0,0,0,0,0,0,0,0,0,13,0,0,0,0,0,0,0,6,0,0,0,0,0,0,0,0,0,12,0,0,0,0,0,0,0,0,0,0,0,0,0,9,0,0,0,0,0,0,5,0,4,0,0,0,0,0,0,4,0,0,0,0,0,0,0,0,0,1,0,0,0,0,0,0,0,0,0,0,0,0,0,0,0,0,0,0,0,0,0,0,0,0,0,0,0,0,0,0,0,0,0,0,0,0,0,0,0,0,0,0,0,0,0,5,0,0,0,0,0,0,0,0,0,0,0,1,0,0,1,0,0,0,1,5,0,0,0,1,0,0,0,0,0,0,0,0,9,0,0,0,0,0,0,0,0,0,0,0,0,0,0,0,0,0,10,0,0,0,3,0,0,0,0,0,0,0,0,7,0,0,0,0,0,0,0,0,0,0,0,0,1,0,0,0,3,0,3,0,0,0,0,0,2,1,0,0,0,0,0,6,0,0,0,0,0,0,3,0,1,0,0,0,0,0,0,0,0,0,0,0,0,0,0,0,0,0,0,0,2,0,0,0,14,0,0,1,23,1,0,1,0,0,0,9,0,0,1,0,0,0,1,0,0,0,0,0,0,0,0,2,0,0,0,0,0,0,0,0,0,0,0,0,14,0,0,0,1,2,0,0,0,0,32,0,0,0,0,10,0,0,0,0,0,0,0,0,0,0,0,1,15,0,0,0,2,0,0,0,0,0,0,0,0,0,0,0,0,0,0,0,0,0,0,0,0,0,0,1,0,0,0,0,1,0,0,0,0,0,12,0,0,0,0,3,0,0,0,0,0,0,14,0,0,0,0,0,14,0,0,0,0,1,0,0,1,0,0,0,0,0,0,0,1,0,0,0,0,0,0,6,0,0,5,1,0,0,0,0,0,0,18,0,7,1,0,0,0,0,0,0,0,0,0,1,0,0,0,7,0,0,0,0,0,0,0,0,0,0,1,0,0,0,2,0,0,0,0,0,0,0,0,0,0,0,0,0,0,6,0,1,0,0,0,0,0,0,0,0,0,0,0,0,0,0,0,0,0,0,0,0,0,0,0,0,0,0,0,0,5,0,0,0,0,0,0,0,0,0,0,0,0,0,0,0,0,0,0,3,0,0,0,0,0,0,0,0,0,0,0,6,0,12,0,0,0,0,0,0,0,0,0,0,0,0,0,10,0,0,0,0,0,0,0,0,0,0,0,0,0,0,0,0,0,2,0,0,0,0,0,0,0,0,0,0,0,0,0,0,0,0,0,0,0,0,0,0,0,0,0,0,0,0,0,0,0,0,0,0,0,0,0,0,0,0,0,0,0,0,0,0,0,0,0,0,0,0,0,0,0,1,0,0,1,0,0,1,0,0,3,0,0,0,0,10,0,0,0,0,0,0,0,0,0,0,1,0,5,0,0,0,0,0,0,0,0,0,0,0,0,0,0,0,1,0,0,0,0,0,0,0,7,6,0,0,0,0,0,0,0,0,0,0,0,0,0,0,0,0,0,0,0,0,0,2,0,0,0,0,0,0,0,0,0,0,0,0,0,0,0,0,0,0,0,0,0,0,0,0,0,0,0,0,0,0,0,0,0,0,0,0,0,0,0,0,0,0,0,0,0,0,0,0,3,0,0,0,0,0,0,0,0,0,0,0,0,0,0,0,0,0,0,0,0,0,0,0,0,0,0,0,0,0,0,0,4,0,0,0,0,0,0,0,0,0,0,0,0,0,0,0,0,0,0,0,0,0,0,0,0,0,0,0,0,0,0,0,0,0,0,0,0,22,1,0,0,0,0,0,3,0,3,0,0,1,0,0,0,0,5,0,0,0,0,0,7,0,0,0,0,0,0,0,0,0,0,0,2,0,0,0,0,0,1,0,0,1,0,0,0,0,0,11,0,0,0,0,4,0,0,0,0,0,5,9,0,0,17,0,0,0,0,0,0,0,0,0,0,0,1,0,16,0,0,0,0,0,0,0,0,0,15,0,4,0,0,0,0,0,0,0,1,0,0,0,0,18,0,0,0,6,0,0,0,0,0,0,1,1,0,0,1,0,0,0,1,0,0,14,0,0,0,2,0,0,0,0,2,0,0,0,0,0,0,0,0,0,0,0,3,0,0,0,0,0,0,4,0,0,0,0,0,0,0,0,0,0,6,0,0,0,0,0,0,0,5,0,0,0,0,0,1,0,0,0,0,11,0,0,0,7,0,0,0,1,0,0,13,0,0,0,0,0,3,0,0,0,0,0,0,0,0,0,0,0,0,0,0,0,0,0,0,0,1,0,0,1,12,6,4,0,0,1,4,7,2,10,0,0,0,0,0,0,1,0,0,0,0,0,0,1,0,0,8,0,0,8,0,1,2,0,0,0,0,6,0,0,0,0,7,1,0,0,0,0,0,3,0,0,0,0,0,0,0,0,0,0,0,0,0,0,3,0,0,0,0,0,0,0,0,0,0,0,0,1,0,0,0,0,0,0,0,0,0,4,0,0,0,0,0,0,0,0,0,0,0,0,0,0,0,0,0,0,0,6,0,0,0,0,0,0,2,0,0,0,0,0,0,0,2,0,0,0,0,0,0,0,0,0,0,0,0,0,0,0,0,0,0,0,0,1,0,0,0,0,2,9,0,0,0,0,1,0,1,0,0,2,0,8,0,0,0,0,0,0,0,0,0,0,0,0,0,0,1,0,0,0,0,0,0,0,7,0,0,0,0,0,0,0,0,0,0,0,0,7,0,0,0,0,0,0,0,0,0,1,0,0,0,0,0,0,0,0,9,0,0,1,0,1,0,0,0,0,0,0,0,0,0,0,0,0,0,0,0,14,0,0,0,0,0,0,0,0,0,0,2,0,0,0,0,0
Car8,0,0,0,0,0,0,0,0,0,0,0,0,0,0,0,0,0,0,0,0,0,0,0,0,0,0,0,0,0,0,0,0,0,0,0,0,0,0,0,0,0,8,0,2,0,0,0,0,0,0,0,0,0,0,0,0,0,0,0,0,0,0,0,0,0,0,0,0,0,0,0,0,0,0,0,0,0,0,0,0,0,0,0,0,0,0,0,2,0,0,0,0,0,0,0,0,0,0,0,0,0,0,0,0,0,0,0,0,0,0,0,0,0,0,0,0,0,0,0,0,0,0,0,0,0,0,0,0,0,0,0,0,0,0,0,0,0,0,0,0,0,0,0,0,2,0,0,0,0,0,0,0,0,0,0,0,0,0,0,0,0,0,0,0,0,0,0,0,0,0,0,0,0,0,0,0,0,0,0,0,0,0,0,0,0,0,0,0,0,0,0,0,0,0,0,0,0,0,0,0,0,0,0,0,0,0,0,0,0,0,0,0,0,1,0,0,0,0,0,0,0,0,0,0,0,0,0,0,0,0,0,0,0,0,0,0,0,0,0,0,0,0,0,0,0,0,0,0,0,0,0,0,0,0,0,0,0,0,0,0,0,0,0,0,0,0,0,0,0,0,0,0,0,0,0,0,0,0,0,0,0,0,0,0,0,0,0,0,0,0,0,0,0,0,0,0,0,0,0,0,0,0,0,0,0,0,0,0,0,0,0,0,0,0,0,0,0,0,0,0,0,0,0,0,0,0,0,0,0,0,0,0,0,0,0,0,0,0,0,0,0,1,3,0,0,0,0,0,0,0,0,0,0,0,0,0,0,0,0,0,0,0,0,0,0,0,0,0,0,6,0,0,0,0,0,0,0,0,0,0,0,0,0,0,0,0,0,0,0,0,0,0,0,0,0,0,0,0,0,0,0,1,0,0,0,0,0,0,0,0,0,0,0,0,0,0,0,0,0,0,0,0,0,0,0,0,0,3,0,0,0,0,0,0,17,0,0,0,0,0,0,0,0,0,0,0,0,0,0,0,0,0,0,3,0,0,0,0,0,0,0,0,0,0,1,0,0,0,0,0,0,0,0,0,0,0,0,0,0,0,0,0,0,0,0,0,0,0,0,0,0,0,0,0,0,0,0,0,0,0,0,0,0,0,0,0,0,0,0,0,0,0,0,0,0,0,0,0,0,0,0,0,0,0,0,0,0,0,0,0,0,0,0,0,0,0,0,0,0,0,0,0,0,0,0,0,0,0,0,0,0,0,0,0,0,0,0,0,0,0,0,0,0,0,0,0,0,0,0,0,0,0,0,0,0,0,0,0,0,0,0,0,0,0,0,0,0,0,0,0,0,0,0,0,0,0,0,0,0,0,0,0,0,0,0,0,0,0,0,0,0,0,0,0,0,0,0,0,0,0,0,0,0,0,0,0,0,0,0,0,0,0,0,0,0,0,0,0,0,0,0,0,0,0,0,0,0,0,0,0,0,0,0,0,0,0,0,0,0,0,0,0,0,0,0,0,0,0,1,0,1,0,0,0,0,0,0,0,0,0,0,0,0,0,0,0,0,0,0,0,0,0,0,0,0,0,1,0,0,0,0,0,0,0,0,0,0,0,0,0,0,0,0,0,0,0,0,0,0,0,0,0,0,0,0,0,0,0,0,0,0,0,0,0,0,0,0,0,0,0,0,0,0,0,0,0,3,1,0,0,0,0,0,0,0,0,0,0,0,0,0,0,0,0,0,0,0,0,0,0,0,0,0,0,0,0,0,0,0,0,0,0,0,0,0,0,0,0,0,0,0,0,0,0,0,0,0,0,0,0,0,0,0,0,0,0,0,0,0,0,0,0,0,0,0,0,0,0,0,0,0,0,0,0,0,0,0,0,0,0,0,0,0,0,0,0,0,0,0,0,0,0,0,0,0,0,0,0,0,0,0,0,0,0,0,0,0,0,0,0,0,0,0,0,0,0,0,0,0,0,0,0,0,0,0,0,0,0,0,0,0,0,0,0,0,0,1,0,0,0,0,0,0,0,0,0,0,0,0,0,0,0,0,0,0,0,0,0,0,0,0,0,0,0,0,0,0,0,0,0,0,0,0,0,0,0,0,0,0,0,0,0,0,0,0,0,0,0,0,0,0,0,0,0,0,0,0,0,0,0,0,0,0,0,0,0,0,0,0,0,0,0,0,0,0,0,0,0,0,0,0,0,0,0,0,0,0,0,0,0,0,0,0,0,0,0,0,0,0,0,0,0,0,0,0,0,0,0,0,0,1,0,0,0,0,0,0,0,0,0,0,0,0,0,0,0,0,0,0,0,0,0,0,0,0,0,0,0,0,0,0,0,0,0,0,0,2,0,0,0,0,0,0,0,0,0,0,0,0,0,0,0,0,0,0,0,0,0,0,0,0,0,0,0,0,0,0,0,0,0,0,0,0,0,0,0,0,0,0,0,0,0,0,0,0,0,0,0,0,0,0,0,0,0,0,0,0,0,0,0,0,0,0,0,0,0,0,0,0,0,0,0,0,0,0,0,0,0,0,0,0,0,0,0,0,0,0,0,0,0,0,0,0,0,0,0,0,0,0,0,0,0,0,0,0,1,0,0,0,0,0,0,0,0,0,0,0,0,0,0,0,0,0,0,0,0,0,0,0,0,0,0,0,0,0,0,0,0,0,0,0,0,0,0,0,0,0,0,0,0,0,0,0,0,0,0,0,0,0,0,0,0,0,0,0,0,0,0,0,0,0,0,0,0,0,0,0,0,0,0,0,0,0,0,0,0,0,0,0,0,0,0,0,0,0,0,0,0,0,0,0,0,0,0,0,0,0,0,0,0,0,0,0,0,0,0,0,0,0,0,0,0,0,0,0,0,0,0,0,0,0,0,0,0,0,0,0,0,0,0,0,0,0,0,0,0,0,0,0,0,0,0,0,0,0,0,0,0,0,0,0,0,0,0,0,0,0,0,0,0,0,0,0,0,0,0,0,0,0,0,0,0,0,0,0,0,0,1,0,0,0,0,0,0,0,0,0,0,0,0,0,0,0,0,0,0,0,0,0,0,0,0,0,0,0,0,0,0,0,0,0,0,0,0,0,0,0,0,0,0,0,0,0,0,0,0,0,0,0,0,0,0,0,0,0,0,1,0,0,0,0,0,0,0,0,0,0,0,0,0,0,0,0,0,0,0,0,0,0,2,0,0,1,0,0,0,0,0,0,0,0,0,0,0,1,0,0,0,0,0,0,0,0,0,0,0,0,0,0,0,0,0,0,0,0,0,0,0,0,0,0,0,0,0,0,0,0,0,0,0,0,0,0,0,4,0,0,0,0,0,0,0,0,0,0,0,0,0,0,0,0,0,4,0
Ccl20,0,0,0,0,0,0,0,0,0,0,0,0,0,0,0,0,0,0,0,0,0,0,0,0,0,0,0,0,0,0,0,0,0,0,0,0,0,0,0,0,0,0,0,0,0,0,0,0,0,0,0,0,0,0,0,0,0,0,0,0,0,0,0,0,0,0,0,0,4,0,0,0,0,0,0,0,0,0,0,0,0,0,0,0,0,0,0,0,0,0,0,0,0,0,0,0,0,0,0,0,0,0,0,0,0,0,0,0,0,0,0,0,0,0,0,0,0,0,0,0,0,0,0,0,0,0,0,0,0,0,0,0,0,0,0,0,0,0,0,4,0,0,0,0,0,1,0,0,0,0,0,0,0,0,0,0,0,0,0,0,0,0,0,0,0,0,0,0,0,0,0,0,0,0,0,0,0,0,0,0,0,0,0,0,0,0,0,0,0,0,0,0,0,0,0,0,0,0,0,0,0,0,0,0,0,0,0,0,0,0,1,0,0,0,0,0,0,0,0,0,0,0,0,0,0,0,0,0,1,0,0,0,0,0,0,0,0,0,0,0,0,0,0,0,0,0,0,0,1,0,0,0,0,0,0,0,0,0,0,0,0,0,0,0,0,0,0,0,0,0,0,0,0,0,1,0,0,0,0,0,0,0,0,0,0,0,0,0,0,0,0,0,0,0,0,0,0,0,0,0,0,0,0,0,0,0,0,0,0,0,0,0,0,0,0,0,0,0,1,0,0,0,0,0,0,0,0,0,0,0,5,1,0,0,0,0,0,0,0,0,0,0,0,0,0,0,0,0,0,0,2,0,13,0,0,0,0,0,0,0,0,0,0,0,0,0,0,0,0,0,0,0,0,0,0,0,0,0,0,0,0,0,0,0,0,0,0,0,0,0,0,0,0,0,0,0,0,0,0,0,0,0,0,0,0,1,0,0,0,0,0,10,0,0,0,0,0,0,4,0,0,0,0,0,0,0,0,0,0,0,0,0,2,0,1,0,0,0,0,0,0,0,0,0,0,0,0,0,0,0,0,0,0,0,0,0,0,0,0,0,0,0,0,1,34,1,0,0,0,0,0,76,0,0,1,0,0,0,0,0,0,0,0,0,0,1,0,0,0,0,0,0,0,0,0,1,0,0,0,0,0,0,0,0,0,0,1,0,0,1,0,0,0,0,0,0,0,0,0,0,0,0,0,0,0,0,1,0,0,0,0,0,0,0,0,0,28,0,0,0,0,0,0,0,0,0,0,0,0,0,0,0,0,0,0,0,0,0,0,1,0,0,0,0,8,0,0,0,0,0,0,0,0,0,0,0,0,0,0,0,0,0,0,0,0,0,0,0,0,0,0,0,0,0,0,0,0,0,0,2,0,4,0,0,0,0,0,0,0,0,0,0,0,0,0,0,0,13,0,0,0,0,0,0,0,0,0,0,0,0,0,0,0,0,0,0,0,0,0,0,0,0,0,0,0,0,0,0,0,0,0,0,0,0,0,0,0,0,0,0,0,0,0,0,0,0,0,0,0,0,0,0,0,0,0,0,0,0,1,0,0,0,0,0,0,0,0,0,0,0,0,0,0,0,0,0,0,0,0,0,0,0,0,0,0,0,0,0,0,0,0,0,0,0,0,0,0,0,0,0,0,0,0,0,3,0,0,0,0,0,0,0,0,0,0,0,0,0,0,0,0,0,0,0,0,0,0,0,0,0,0,0,0,0,0,0,0,0,0,0,0,0,0,0,0,0,0,0,0,0,0,0,0,0,0,0,0,0,0,0,0,0,0,0,0,0,0,0,0,0,0,0,0,0,0,0,0,0,0,0,6,0,0,0,0,3,0,0,0,0,0,0,0,0,0,0,0,0,0,0,0,0,0,0,0,0,0,0,0,0,0,0,0,1,0,0,0,0,0,0,0,0,2,0,0,0,0,0,0,0,0,0,0,0,0,0,0,0,0,0,0,0,0,0,0,0,0,0,0,0,0,0,0,0,0,0,0,0,0,0,0,0,0,0,0,0,0,0,1,0,0,0,0,0,0,0,0,0,0,0,0,0,0,0,0,0,0,0,0,0,0,0,0,0,0,0,0,0,0,0,0,0,0,0,0,0,0,2,0,0,0,0,0,0,2,0,0,0,0,0,0,0,0,0,0,0,0,0,0,0,0,0,1,0,0,0,0,0,0,0,0,0,0,0,0,0,0,0,14,0,0,0,0,0,0,0,0,0,0,0,0,0,0,0,0,0,0,0,0,0,0,0,0,0,0,0,0,0,0,0,0,0,0,0,0,0,0,0,0,0,1,0,0,0,0,0,0,0,0,0,0,0,0,1,0,0,0,2,0,0,0,0,0,0,0,0,0,0,0,0,0,0,0,0,0,0,0,0,0,0,0,0,0,0,10,0,0,0,0,0,0,0,0,0,0,0,0,0,0,0,0,0,0,0,0,0,0,0,0,0,0,0,0,0,0,0,0,0,0,0,0,0,0,0,0,0,0,0,0,0,0,0,0,0,0,0,1,0,0,0,0,0,1,1,0,1,0,33,0,0,0,1,0,1,2,0,0,1,1,1,0,1,0,0,0,0,0,0,0,0,0,0,0,0,0,0,0,0,0,0,1,0,0,0,0,0,1,0,0,0,0,0,0,0,10,65,2,0,0,0,2,0,0,0,0,2,0,0,0,1,0,1,0,0,0,0,0,0,0,0,0,0,0,1,0,0,0,0,0,0,0,1,0,0,0,0,0,0,0,0,0,0,0,0,0,0,0,0,0,0,0,0,0,0,0,0,0,0,0,0,0,0,0,0,0,0,0,0,0,0,0,0,0,0,0,0,0,0,0,0,0,0,0,0,0,0,0,0,0,0,0,0,0,0,0,0,0,0,0,0,0,0,0,0,0,0,0,0,0,0,0,0,0,0,0,0,0,0,2,0,0,0,0,0,0,0,0,0,0,0,3,0,1,0,0,1,22,0,3,0,1,1,0,0,0,0,1,0,0,0,0,0,1,0,0,0,0,0,0,0,1,27,0,0,0,1,0,0,3,0,0,0,0,0,0,0,0,0,0,0,0,0,0,0,0,0,0,0,0,0,1,0,0,0,0,0,0,0,2,0,0,0,1,0,1,0,0,0,0,0,0,0,0,0,0,0,0,1,0,0,0,3,0,0,0,0,0,0,0,0,0,1,0,0,0,0,0,0,0,0,0,0,1,0,1,0,0,0,6,0,0,0,0,0,0,0,0,0,0,0,0,0,0,1,0,0,0,0,1,0,0,1,0,0,0,0,0,0,0,1,0,0,0,0,0,0,0,0,0,0,0,0,0,0,4,0,0,0,0,0,0,0,2,0,0,0,0,6,0,0,0,0,0,2
Ccl21a,0,2,0,1,14,1,13,2,1,0,0,0,0,9,0,19,0,0,0,0,4,0,3,3,1,6,2,0,0,0,4,0,34,0,16,28,0,0,4,1,0,0,5,0,18,1,0,5,1,0,2,0,11,9,6,10,11,17,0,8,1,0,0,8,0,0,1,4,0,0,9,1,1,15,0,3,3,0,0,0,0,7,0,0,2,0,0,1,0,7,0,3,1,1,2,0,6,0,0,2,0,1,1,0,73,3,0,22,7,32,1,0,1,25,2,5,0,0,0,2,4,1,3,0,18,0,5,0,0,3,0,18,0,1,10,14,2,0,4,0,0,33,0,1,10,0,2,9,0,2,0,7,17,6,0,3,1,0,5,18,10,11,5,0,5,0,1,16,0,0,0,18,0,0,0,0,24,0,16,0,1,0,23,0,0,0,0,0,0,8,0,0,40,5,6,0,0,0,2,2,0,3,0,1,4,3,5,0,0,1,0,0,1,0,0,0,0,0,15,0,0,0,0,0,0,1,0,0,0,1,0,0,4,0,0,2,11,1,9,36,0,1,0,0,12,0,1,0,0,0,0,1,0,8,8,0,4,2,1,1,12,9,0,17,1,18,2,0,1,17,8,0,0,0,0,0,18,25,14,0,0,1,5,10,1,0,1,0,34,0,31,11,4,7,0,19,0,0,3,0,4,1,0,0,3,1,0,6,0,0,0,1,1,0,7,0,2,6,0,32,1,4,0,1,4,0,1,1,1,3,1,2,1,19,21,9,26,1,0,0,8,2,0,3,0,1,14,0,0,7,1,11,0,1,1,1,17,2,18,11,0,4,0,0,0,0,0,30,8,0,5,0,3,0,4,3,4,0,0,100,20,3,1,0,0,0,0,4,12,4,7,0,5,0,14,0,8,15,27,2,3,0,3,25,1,21,9,1,0,0,0,1,0,0,0,43,0,13,1,9,1,19,23,0,7,18,10,0,0,6,0,21,5,21,1,59,15,2,9,2,0,1,0,17,5,21,5,1,11,0,0,4,0,1,5,6,0,6,0,0,0,0,8,0,0,0,0,1,13,0,1,0,16,2,0,0,0,0,0,3,2,13,0,1,1,0,9,6,31,2,15,17,1,0,0,0,1,0,18,1,9,0,8,16,10,0,0,5,13,13,7,0,0,0,5,1,14,2,0,3,0,6,0,18,0,0,8,5,2,1,0,5,9,0,1,0,0,0,1,23,13,9,16,14,16,5,0,0,0,4,7,0,8,0,2,0,7,5,3,2,0,0,0,15,0,31,0,0,10,10,0,0,3,9,0,0,16,0,0,8,0,4,1,8,7,0,0,0,0,13,5,15,0,18,3,0,0,9,17,0,7,0,0,0,35,10,0,0,0,0,1,0,1,36,0,6,0,0,2,0,0,0,0,2,0,2,0,5,0,0,0,0,0,1,0,2,0,0,0,0,0,0,0,2,0,1,0,4,0,8,1,0,0,0,0,4,9,0,4,3,0,0,3,0,5,0,5,1,0,3,0,4,1,0,2,0,3,0,0,5,0,14,6,0,6,3,4,4,5,0,5,0,0,0,0,0,0,0,0,0,0,0,0,0,0,0,0,3,0,0,2,0,0,0,1,0,2,0,0,3,0,0,1,0,0,0,0,0,1,0,3,0,0,0,1,5,0,0,0,0,0,0,3,0,0,1,0,0,0,0,0,0,0,1,0,0,0,0,0,2,0,1,0,2,9,4,0,0,0,3,9,2,0,4,0,1,10,1,0,1,0,0,10,2,0,0,0,1,7,6,3,8,0,10,0,0,0,2,0,2,0,9,1,0,1,0,0,0,0,2,0,0,3,0,0,0,19,3,9,0,2,0,0,0,4,0,4,0,0,0,3,3,0,0,6,3,0,0,2,0,0,1,0,0,6,7,0,0,0,5,0,2,0,1,2,1,13,3,9,3,0,4,0,1,0,0,0,0,6,14,5,0,2,2,0,6,0,0,3,1,0,0,0,0,0,1,1,0,0,0,6,0,0,8,3,0,2,0,0,0,1,0,0,0,0,0,1,3,0,0,6,1,0,2,0,2,1,1,0,0,0,0,0,0,4,0,0,0,0,7,0,1,0,0,0,0,0,0,1,1,2,2,0,0,5,2,1,1,1,0,2,0,1,2,1,0,0,0,0,4,0,3,0,6,1,0,1,0,0,7,0,1,0,0,2,2,0,0,4,2,1,0,1,5,0,0,0,0,0,4,0,1,0,7,0,4,1,0,0,2,0,6,0,4,1,0,6,1,4,0,0,0,0,1,1,0,0,0,0,0,3,0,18,0,4,5,0,1,0,7,0,1,5,7,5,0,0,2,2,0,0,0,7,0,11,2,0,0,0,0,0,0,0,10,0,0,0,1,9,16,1,0,0,0,1,0,0,0,0,3,0,0,3,0,7,0,0,0,0,0,0,0,0,12,0,1,11,0,1,0,0,1,0,1,0,13,0,7,0,0,0,0,1,8,1,0,0,0,1,1,1,4,0,0,0,1,7,0,7,0,16,8,0,1,0,4,4,1,1,0,2,0,0,0,1,7,0,4,0,1,0,1,1,0,1,0,0,0,0,1,0,6,0,1,9,1,0,1,0,1,3,0,3,0,0,1,1,1,11,0,0,8,15,5,21,1,2,0,0,6,6,12,9,0,0,1,14,4,0,0,0,0,6,0,0,6,5,0,2,5,0,0,3,0,8,1,2,0,0,4,2,0,8,11,4,5,3,0,10,5,0,0,2,0,0,5,1,12,3,0,0,0,0,0,1,4,0,0,0,0,2,0,4,0,0,4,0,18,1,7,0,24,5,32,7,3,1,6,1,0,12,0,0,0,7,2,0,0,5,6,0,16,0,0,3,4,0,0,3,1,4,3,0,4,0,8,2,1,0,7,5,1,13,0,0,2,1,0,0,0,0,0,0,0,0,5,0,2,1,0,0,1,0,8,0,2,0,0,0,3,0,0,2,4,0,0,0,0,1,5,1,0,0,1,14,4,0,0,0,4,5,0,2,10,0,0,5,1,0,1,0,1,0,1,6,0,1,0,0,0,0,0,1,0,0,2,0,3,0,4,2,1,4,1,0,1,6,6,0,0,2,0,5,0,0,3,0,0,1,4,0,0,5,0,0,2,7,0,0,0,1,1,1,0,0,2,3,0,4,1,0,1,0,3,1,2,1,1,0,0,4,0,1,0,1,0,10,1,0,0,1,0,1,0,5,0,0,7,0,0,1,1,5,2,0,2,0,0,0,1,0,0,6,2,0,2,0,0,0,9,0,0,0,4,0,4,0,0,1,8,0,38,0,0,0,0,5,0,0,16,6,1,1,1
Cd52,0,0,0,2,0,0,0,0,0,0,0,0,0,0,0,0,0,0,0,0,0,0,20,0,0,0,0,8,0,0,0,0,0,2,0,0,0,0,0,1,3,0,0,24,2,0,2,0,0,1,1,0,0,0,0,2,2,0,0,0,13,0,0,0,0,12,0,0,0,1,0,0,6,0,1,0,0,1,2,1,0,0,0,6,0,5,0,0,1,0,0,0,0,0,0,0,2,0,5,0,0,0,0,1,1,0,0,0,1,0,0,0,0,0,2,0,3,2,0,0,0,0,0,10,4,4,0,3,7,0,0,0,4,2,0,0,0,7,0,0,0,0,1,2,0,6,0,0,0,1,0,0,0,0,2,1,0,0,0,0,0,0,0,1,0,0,0,0,0,0,0,0,0,0,0,0,0,0,0,0,0,12,0,1,0,0,0,0,1,0,0,1,0,0,0,0,2,0,0,1,1,0,0,1,0,1,1,0,0,0,3,0,1,0,0,6,0,0,0,0,3,1,0,0,0,0,0,0,0,0,1,0,0,0,1,0,1,5,0,0,0,1,0,13,0,7,2,0,1,6,0,0,1,0,2,0,0,0,20,3,0,0,0,0,0,1,8,1,2,0,1,1,1,0,0,0,1,0,0,8,1,13,0,0,0,0,0,3,1,11,0,0,0,0,2,0,1,0,0,8,1,0,0,0,0,18,0,0,4,2,0,0,0,0,0,0,0,0,2,0,0,0,6,0,0,0,10,2,0,0,21,1,0,0,1,0,1,4,1,0,0,0,0,0,2,0,0,0,10,0,2,0,0,0,0,1,0,1,0,0,1,14,0,0,4,0,3,0,1,0,0,0,0,3,0,1,0,0,0,0,0,0,0,0,21,1,2,0,0,0,0,1,0,5,1,0,0,1,1,0,0,0,0,0,3,2,0,0,0,1,0,2,2,3,3,0,0,0,0,0,0,0,0,0,0,0,0,0,3,0,0,0,0,1,0,0,0,0,0,0,1,9,0,0,0,1,0,15,0,1,0,1,0,0,1,0,0,0,0,0,0,1,2,0,21,0,8,0,0,1,41,20,0,0,0,9,0,0,0,0,0,0,2,0,0,0,0,0,0,1,0,0,0,1,7,1,0,0,0,1,0,0,1,0,0,0,0,0,0,0,0,0,2,0,0,1,1,0,2,1,0,0,0,0,0,1,0,1,7,0,1,0,0,3,2,0,0,0,0,0,0,0,0,0,0,1,0,3,0,3,0,7,0,0,0,9,0,0,1,1,0,2,0,0,0,0,2,0,36,0,33,0,0,0,0,0,0,4,0,1,1,0,0,4,0,7,0,0,0,0,1,0,1,0,0,1,0,0,0,4,0,11,0,0,0,0,0,2,1,1,5,17,0,0,0,0,0,2,0,5,0,0,7,0,0,0,0,1,2,0,3,0,1,0,0,0,0,9,0,0,0,0,0,0,1,0,1,0,2,0,1,0,0,3,11,0,0,0,0,0,0,0,0,0,0,0,0,6,1,0,0,0,0,0,0,7,0,2,5,1,1,0,0,0,0,0,0,0,0,5,1,0,0,22,2,3,0,0,0,14,1,0,2,0,0,1,11,0,0,51,0,0,6,0,0,2,0,0,1,1,0,0,0,0,2,0,1,4,1,0,0,2,0,1,0,1,0,1,0,0,0,1,0,1,8,9,0,1,0,0,0,0,0,0,2,1,2,0,0,1,0,1,0,0,1,0,1,0,5,0,0,0,0,0,2,0,0,5,0,0,0,2,0,0,1,2,0,6,0,0,5,0,2,1,1,2,0,0,3,1,0,0,9,5,1,0,0,10,0,0,1,2,36,6,4,1,0,0,1,0,1,1,0,0,0,6,0,1,2,4,0,0,4,0,1,0,4,0,0,1,0,0,10,0,0,0,5,0,0,0,0,1,0,4,0,0,0,0,0,0,1,0,6,0,0,0,0,8,0,1,0,1,1,0,3,0,0,0,0,0,3,0,2,9,0,0,0,0,0,10,0,31,0,0,0,0,0,2,2,0,51,0,0,0,0,1,0,0,1,0,0,3,3,0,3,0,1,0,3,1,5,0,2,2,0,0,2,0,9,0,0,0,3,3,1,0,0,0,0,2,0,2,1,0,0,0,0,8,0,0,0,26,0,0,1,3,1,0,0,0,7,0,0,1,3,10,0,0,2,1,4,0,0,7,1,2,0,4,1,0,4,1,0,0,5,1,2,8,9,1,6,0,9,0,0,1,0,0,2,1,0,1,0,0,0,0,0,0,0,2,21,0,0,0,1,1,1,12,0,0,0,7,0,8,1,0,1,2,0,0,0,1,0,1,18,3,1,1,3,0,4,1,0,23,0,1,0,20,0,14,1,21,0,0,16,0,2,0,1,0,0,0,14,1,0,8,0,2,0,1,0,4,0,0,0,5,1,2,2,0,1,0,7,0,0,2,0,11,0,4,3,0,6,2,0,0,0,0,0,5,0,1,0,1,0,1,13,0,0,2,0,0,0,2,2,9,0,0,0,11,3,6,0,1,3,0,0,13,1,13,0,4,2,0,0,0,1,0,2,1,0,0,0,2,0,5,1,1,0,1,0,0,2,9,1,10,5,0,1,0,1,1,0,0,11,32,0,0,0,0,18,0,0,0,2,1,0,0,0,0,0,0,1,4,0,0,0,0,2,0,0,0,0,1,1,0,0,12,1,0,0,5,0,0,0,0,0,4,3,12,0,0,4,0,2,0,0,1,0,0,0,2,0,0,0,0,8,1,13,3,0,0,19,0,0,0,0,0,0,0,0,0,0,0,3,0,4,0,0,0,6,0,0,1,0,0,0,0,0,0,0,0,9,0,0,0,0,0,0,0,0,1,3,11,0,1,2,1,0,0,1,0,6,0,3,0,1,0,0,0,0,0,0,2,3,0,0,4,0,8,5,10,12,3,2,0,0,0,1,0,0,0,4,0,7,0,4,0,7,0,12,13,16,5,0,5,2,1,0,0,4,0,0,4,0,0,2,0,0,0,0,3,0,1,3,0,0,0,5,4,0,0,9,0,0,0,18,0,1,4,2,19,0,0,15,0,0,1,11,0,0,1,1,5,0,1,0,1,0,2,9,2,1,13,0,0,0,7,0,0,3,2,2,2,0,0,0,1,1,1,0,0,0,6,0,33,1,0,0,1,3,0,0,0,3,1,0,6,0,0,3,1,10,0,0,1,1,6,0,0,0,0,2,3,1,0,0,0,4,0,1,7,0,1,0,1,0,0,0,0,0,0,0,0,2,0,0,0,0,0,4,1,4,2,5,1,14,0,0,0,0,8,2,0,0,0,0,0,22,2,0,0,0,0
Ctsl,0,3,0,0,3,0,2,0,0,1,40,0,0,2,1,5,1,0,0,10,0,0,0,1,3,2,0,0,0,2,0,0,10,2,2,6,0,1,0,1,0,0,1,2,1,0,0,4,0,67,2,3,47,1,0,0,7,6,1,1,0,2,0,7,1,1,3,2,0,0,1,0,3,2,0,0,0,2,1,17,0,4,2,0,0,0,0,0,0,1,4,1,1,0,0,3,7,3,0,1,0,1,0,0,77,0,0,37,1,0,0,1,2,1,1,6,0,2,2,0,0,0,2,1,7,0,11,3,0,1,8,7,2,0,13,4,2,1,4,0,0,4,0,34,0,1,0,14,0,1,0,2,0,0,0,2,0,2,1,4,0,1,0,0,1,0,2,11,1,0,0,8,1,2,0,0,0,2,10,1,0,0,39,1,1,0,0,10,0,0,0,0,5,1,0,1,7,0,0,0,0,9,0,0,0,1,6,1,0,0,0,0,0,0,0,0,0,1,7,0,1,4,3,1,0,0,5,1,5,2,1,0,0,0,0,1,2,1,9,22,0,2,1,1,10,1,0,1,0,1,0,1,0,1,0,1,2,0,0,1,0,2,1,10,0,5,4,1,0,8,0,1,0,48,0,1,6,14,11,4,2,3,0,14,1,0,0,7,27,2,8,3,2,0,1,6,250,0,4,2,0,0,0,3,6,0,0,4,1,0,2,169,0,3,4,0,2,1,0,45,0,2,25,0,1,1,0,0,2,0,1,0,0,2,7,0,6,8,4,0,0,0,0,0,0,2,13,0,6,1,1,2,0,0,0,1,44,0,0,4,1,1,1,0,0,0,0,9,3,1,1,0,3,0,0,4,0,0,0,51,17,0,0,22,1,0,0,3,0,0,3,1,0,2,6,0,4,1,4,2,3,1,0,12,0,6,14,1,0,1,0,5,0,0,0,13,1,1,0,2,0,9,8,0,0,8,2,1,0,1,0,1,3,13,0,18,3,3,2,4,0,13,0,4,1,0,0,0,6,0,0,0,0,0,5,1,0,1,0,0,1,6,2,0,1,0,0,1,17,0,2,2,2,0,3,0,1,0,1,0,0,0,0,7,2,0,5,12,43,1,9,5,0,0,59,0,0,0,18,1,4,0,1,3,9,0,1,2,5,3,1,0,2,0,2,0,6,0,0,3,0,0,7,2,0,0,7,10,1,0,5,4,6,0,3,0,0,7,0,5,2,14,5,6,9,5,0,14,0,2,2,0,4,3,1,0,0,0,8,0,1,10,0,24,0,10,0,0,5,17,0,0,0,3,0,0,8,0,0,0,1,1,0,1,6,1,0,2,1,0,0,8,0,7,0,0,0,0,3,4,0,0,0,1,3,3,0,1,0,0,0,0,2,36,2,0,0,0,1,0,2,2,0,1,1,2,2,6,0,0,0,0,0,3,0,2,1,0,0,9,0,1,0,0,1,0,0,3,0,11,0,0,0,0,0,0,8,0,2,2,0,0,3,0,1,0,2,1,0,1,0,0,0,0,0,0,0,2,0,1,0,3,0,0,0,3,0,2,0,0,3,0,0,0,0,0,0,0,1,0,0,0,0,0,1,0,7,1,0,0,0,0,0,0,2,0,5,0,0,2,3,0,0,1,0,0,1,0,0,4,1,0,0,0,2,1,3,0,0,0,0,0,0,0,0,0,0,0,0,0,0,0,0,0,0,0,0,0,2,1,0,0,0,0,4,4,0,0,0,0,61,0,0,1,0,1,25,0,0,0,0,0,4,0,0,0,0,1,2,1,1,3,0,6,2,0,0,1,0,2,0,1,1,0,0,0,0,0,0,0,0,1,0,1,1,2,18,1,9,0,2,0,1,0,1,1,4,1,0,1,0,0,0,3,1,3,1,0,1,0,0,1,0,1,4,2,0,0,0,3,4,0,0,2,0,5,7,2,0,0,0,4,0,0,0,1,0,0,2,5,1,0,1,0,0,1,10,0,1,0,4,0,0,0,0,0,0,0,0,0,0,0,0,5,0,1,1,0,1,0,0,0,0,2,7,0,0,1,0,3,7,0,0,0,0,0,1,2,0,0,0,0,0,1,6,0,1,0,0,0,0,0,0,0,2,0,1,0,0,0,0,1,0,0,4,3,1,2,1,0,1,2,0,3,2,0,0,1,1,4,0,1,1,1,0,0,0,0,0,18,0,1,0,0,1,1,0,0,2,1,1,0,2,11,5,0,0,0,0,3,0,2,1,1,0,7,1,0,0,0,0,3,0,4,10,0,1,0,5,1,15,2,0,0,2,0,0,2,0,0,6,0,12,2,5,0,2,0,0,0,1,0,7,6,1,0,0,0,3,0,0,2,4,3,16,0,1,0,209,2,1,1,1,6,4,2,0,0,7,21,0,0,0,0,0,0,0,2,0,0,0,0,6,0,3,3,11,0,0,0,1,1,0,9,1,0,0,1,2,0,1,1,0,0,0,13,1,13,2,1,0,0,0,21,1,0,0,2,0,6,2,0,0,0,0,0,0,0,0,0,3,2,1,0,1,2,0,0,1,0,0,1,0,0,0,2,1,3,0,0,1,0,0,1,0,1,1,0,0,0,0,5,1,0,0,1,0,0,1,1,0,0,0,0,1,0,0,0,3,0,2,6,3,0,11,2,0,0,0,0,5,13,6,1,0,1,7,0,0,0,1,0,2,2,0,1,2,3,2,0,4,2,169,2,6,0,0,0,1,2,1,0,358,4,2,4,0,1,14,8,0,1,0,1,97,4,289,2,2,0,4,4,0,0,1,5,0,0,1,2,1,1,9,1,4,2,1,11,3,3,0,40,0,38,7,2,0,0,2,2,10,0,0,0,1,0,0,0,1,0,1,17,3,0,0,0,0,0,0,0,9,0,0,0,0,4,0,0,2,2,2,0,0,0,0,0,0,0,0,0,0,0,0,0,0,0,0,0,0,0,0,0,1,1,0,0,0,2,2,0,0,0,0,0,0,0,0,0,1,0,0,1,0,0,4,6,0,0,0,4,3,0,1,2,0,0,1,0,0,0,0,0,0,0,3,0,0,31,0,0,1,1,3,0,0,0,0,0,0,3,1,0,3,5,0,1,4,1,0,0,4,1,0,0,0,0,0,1,1,1,2,0,4,0,1,3,1,130,0,2,2,1,0,1,0,0,2,0,13,1,0,0,0,0,1,0,0,2,1,0,0,0,0,0,1,2,5,0,0,4,0,0,2,0,0,1,1,6,0,0,0,1,2,0,0,1,0,0,0,0,0,1,1,0,9,0,1,0,0,4,0,0,0,0,0,0,0,0,0,1,52,202,0,0,0,2,3,0,0,3,7,0,1,3
Gnb3,2,0,1,0,0,0,0,0,0,0,0,1,3,0,0,0,0,0,0,1,0,0,0,0,0,0,0,0,1,3,0,0,0,3,0,0,9,0,0,0,0,0,0,0,0,0,0,0,0,0,0,1,0,0,0,0,0,0,0,0,0,9,0,0,0,0,2,0,0,0,0,8,2,0,0,0,0,0,0,0,0,0,0,0,0,0,0,0,0,0,0,0,0,0,0,0,0,1,0,0,0,6,0,0,0,0,0,0,0,0,0,0,0,1,0,0,0,0,15,2,0,0,0,1,0,0,0,0,0,0,0,0,0,0,0,0,0,0,0,0,9,0,0,0,0,0,0,0,1,0,0,0,0,0,1,0,1,0,0,0,0,0,0,0,0,1,0,0,9,0,0,0,0,1,8,2,0,0,0,0,0,0,0,0,0,3,0,0,0,0,1,0,0,0,0,0,0,8,0,0,0,0,0,0,0,0,0,0,0,0,0,0,0,0,0,0,0,0,0,0,0,0,0,9,0,0,0,0,0,0,0,3,0,0,0,0,0,0,0,0,0,22,0,0,0,0,0,0,0,0,0,0,0,0,0,3,0,0,1,0,0,0,0,0,1,0,0,0,0,0,0,9,0,0,0,0,0,0,0,0,0,0,0,0,0,0,0,0,0,0,0,0,0,0,0,0,1,4,0,0,0,0,0,0,0,0,0,0,0,0,0,0,0,0,0,0,0,0,0,0,0,0,0,0,0,0,0,0,0,0,0,0,0,0,0,0,0,1,0,0,0,0,0,0,0,0,0,0,0,0,0,0,0,0,0,0,0,0,0,0,8,0,0,0,0,0,0,0,0,1,0,0,0,0,2,0,0,0,8,0,0,0,0,0,0,0,0,0,0,0,0,11,0,0,0,0,0,0,0,0,0,0,0,0,0,0,0,0,1,0,4,0,0,0,0,0,0,0,0,0,0,0,0,0,0,0,0,0,0,0,0,0,0,0,0,0,0,0,0,0,0,0,0,0,0,0,0,0,0,0,0,0,0,0,0,0,0,0,0,0,4,0,0,0,0,0,0,0,0,0,0,1,0,0,0,0,0,0,0,0,0,0,0,0,0,0,0,0,0,0,0,0,0,0,0,0,5,0,0,0,0,0,0,0,0,0,13,0,0,0,0,1,0,0,0,0,0,0,0,0,7,0,1,0,7,0,0,1,0,0,0,0,0,0,0,0,0,0,0,0,0,0,0,0,0,0,0,0,0,0,0,1,0,0,0,0,0,0,0,0,0,0,0,0,1,0,0,15,0,0,0,0,0,0,0,0,0,0,0,0,1,0,0,0,0,0,0,0,1,0,0,0,0,0,0,0,0,0,0,0,0,0,0,2,0,0,0,1,0,0,0,0,0,0,4,0,8,0,0,0,0,0,0,0,0,0,1,0,0,0,0,0,0,0,0,0,0,4,0,0,0,0,0,0,0,0,0,0,0,0,0,0,0,0,0,0,0,0,0,0,0,1,0,1,0,0,0,0,0,0,0,0,0,0,0,0,0,0,0,0,0,0,0,0,0,0,0,0,0,0,0,0,0,0,0,0,0,0,0,0,0,0,0,0,0,0,0,0,0,0,0,3,0,0,0,0,0,0,0,0,0,0,0,6,0,9,0,0,0,0,0,0,0,0,0,0,0,0,0,1,0,0,0,0,0,0,0,0,0,0,0,0,0,0,0,0,0,0,0,0,0,0,0,0,0,0,1,0,0,0,0,0,0,0,1,0,0,0,0,0,0,0,0,0,0,0,1,0,0,0,0,0,0,0,0,0,0,0,0,0,0,0,0,0,0,0,0,0,0,0,0,0,0,0,0,0,0,0,0,0,0,0,1,0,0,0,0,3,0,0,0,0,0,0,0,0,0,0,1,0,7,0,0,0,0,0,0,0,0,0,0,0,0,0,0,0,0,0,0,0,0,0,0,0,2,1,0,0,0,0,0,0,0,0,0,0,0,0,0,0,0,0,0,0,0,0,0,2,0,0,0,0,0,0,0,0,0,0,0,0,0,0,0,1,0,0,0,0,0,0,0,0,0,0,0,0,0,0,0,0,0,0,0,0,0,0,0,0,0,0,0,0,0,0,0,0,0,0,0,0,0,0,0,0,0,0,0,0,0,0,0,0,0,0,0,0,0,0,0,0,2,0,0,0,0,0,0,0,0,0,0,0,1,0,0,0,0,0,0,0,0,0,0,0,0,0,0,1,0,0,0,0,1,0,0,0,0,0,0,0,0,0,0,0,0,2,0,0,0,0,0,0,0,0,3,0,0,0,0,0,0,0,0,0,0,0,0,0,0,0,0,0,0,0,0,0,0,0,0,0,0,0,0,0,0,0,0,0,0,0,0,0,0,0,0,1,0,0,0,0,0,0,0,0,0,0,8,2,0,0,1,0,0,0,0,0,0,0,0,0,0,0,0,0,1,0,0,0,0,0,0,0,0,0,14,0,0,0,0,0,0,1,0,0,0,0,0,0,0,24,0,0,0,3,0,0,0,0,0,0,1,0,0,0,0,0,0,0,0,0,0,0,0,0,0,0,0,0,0,0,0,0,0,0,0,1,0,0,0,0,0,0,0,0,0,0,0,0,0,0,0,0,0,0,0,0,0,0,0,1,0,0,0,0,0,0,0,0,0,0,0,0,0,0,0,0,0,0,0,2,0,0,0,0,0,0,0,0,0,0,18,0,0,0,0,0,2,0,0,0,0,0,0,0,0,0,0,0,0,0,0,0,1,0,0,0,0,0,0,0,0,0,5,0,0,0,9,0,4,0,0,0,0,0,0,0,0,0,0,0,0,0,0,0,0,0,18,0,0,5,0,4,0,0,0,1,0,6,0,0,0,0,0,0,0,0,0,0,0,1,0,0,0,0,0,0,0,0,0,0,0,0,0,0,0,0,0,0,0,0,0,0,0,0,0,0,0,2,0,0,0,0,0,0,0,0,0,0,0,0,0,0,0,0,0,0,0,0,0,0,0,0,0,0,0,0,0,1,0,0,0,0,0,0,9,0,0,0,0,0,0,0,0,0,0,0,0,0,0,0,0,0,0,1,0,0,0,0,0,0,0,0,0,0,0,0,0,0,1,5,0,0,0,0,0,0,0,0,0,0,0,1,0,0,0,0,0,0,0,1,0,0,0,0,0,0,0,0,0,0,0,0,0,0,0,0,0,0,0,0,0,0,0,0,0,0,0,0,0,0,0,0,0,0,0,0,0,0,0,0,0,0,0,0,0,0,1,0,0,0,0,0,0,0,0,0,0,0,0,0,0,0,0,0,0,0,0,0,0,0,0,0,0,0,0,0,0,0,0,0,0,0,0,0
Hdc,0,0,0,2,0,0,0,0,1,0,0,0,0,0,0,0,0,0,0,0,0,0,26,0,0,0,0,9,0,14,0,0,0,0,0,1,0,0,0,0,3,0,0,14,2,0,0,0,0,0,0,0,0,0,2,0,0,0,0,0,3,0,3,0,0,2,0,0,1,0,1,0,26,0,0,0,0,0,17,0,11,0,1,2,0,2,1,0,2,1,0,0,0,0,0,13,0,16,7,0,0,0,0,3,0,0,0,0,0,0,0,0,0,0,22,0,0,0,0,0,0,0,0,0,0,9,0,3,0,0,0,0,0,1,0,0,0,2,0,0,0,1,0,0,0,0,0,0,1,0,0,0,0,0,3,0,0,2,0,0,0,0,0,0,0,0,0,1,0,2,0,0,0,1,0,0,0,0,0,3,0,2,2,0,0,0,0,0,17,0,0,0,0,0,0,1,0,0,0,0,0,0,12,0,0,0,0,0,1,0,1,0,0,0,0,13,0,0,0,4,0,0,0,0,0,0,0,0,1,0,0,0,0,0,2,0,0,2,0,0,0,0,0,0,0,18,13,0,4,0,1,0,0,0,0,0,0,0,6,1,1,0,0,0,0,0,1,0,0,0,0,0,1,0,2,0,0,0,0,7,1,5,0,0,5,0,0,5,0,19,0,0,0,0,2,0,0,0,0,3,6,7,0,2,0,0,0,0,3,0,0,0,13,2,0,0,4,0,0,0,0,0,10,0,0,0,2,0,0,2,0,5,0,0,0,0,0,1,1,0,0,0,0,11,0,0,0,0,0,0,0,0,1,1,0,0,0,0,0,1,0,8,2,6,5,0,0,0,0,1,0,1,0,4,0,0,0,0,0,0,1,1,0,0,0,2,0,0,0,0,0,0,0,0,0,0,1,0,0,0,0,1,0,0,2,0,0,0,0,0,0,0,0,0,0,0,0,0,0,0,1,0,0,0,0,0,0,0,0,0,0,1,0,0,0,0,0,0,0,1,0,4,0,0,0,0,0,7,0,0,1,0,0,1,0,0,1,0,1,0,1,6,0,0,0,1,5,0,0,0,30,3,0,0,0,10,0,0,5,0,1,0,15,0,1,0,0,0,0,0,0,1,0,8,16,0,0,0,0,9,0,0,0,0,0,4,0,1,2,0,0,0,4,6,0,0,0,0,0,0,0,0,2,0,0,1,1,0,26,1,3,0,0,4,6,0,0,1,0,0,0,0,0,0,0,0,0,12,1,7,0,28,1,0,0,0,0,1,0,0,1,0,0,0,0,0,0,0,7,0,0,0,0,0,1,0,0,9,2,0,0,0,0,8,0,2,0,3,0,0,17,1,2,1,0,3,0,0,0,4,0,1,0,0,0,0,0,0,4,9,0,3,0,1,1,0,0,1,0,1,0,0,0,0,1,0,1,0,5,0,3,0,0,0,0,0,7,17,0,0,3,3,0,0,0,0,0,0,6,0,0,0,2,0,0,0,0,0,0,0,0,0,0,0,0,8,0,15,0,0,0,0,0,2,0,2,0,6,0,0,1,0,0,0,0,0,0,0,0,6,0,0,0,0,0,0,0,0,0,6,0,0,4,0,0,3,0,0,0,10,0,0,13,0,0,0,0,0,0,0,0,0,2,0,0,0,0,1,0,1,0,1,0,0,0,0,0,2,2,1,0,0,0,0,0,1,0,2,1,0,0,0,3,0,0,1,0,0,0,0,0,3,0,1,0,0,3,0,0,0,0,0,2,1,3,0,0,7,1,0,5,6,0,0,9,15,1,2,0,0,12,0,1,0,6,7,0,0,2,0,0,0,10,2,0,2,0,5,0,0,1,1,2,3,6,0,0,0,1,1,0,0,0,1,0,13,0,0,1,1,0,0,6,2,0,0,6,1,0,0,0,0,8,4,0,0,3,1,0,0,0,0,2,6,0,0,0,0,0,0,0,0,8,0,0,0,0,18,0,0,0,11,0,0,1,0,0,0,0,0,0,0,0,2,2,0,0,0,0,0,0,0,0,0,0,0,0,4,0,0,0,0,3,0,0,0,0,0,2,0,0,0,5,0,0,0,0,0,2,3,3,0,17,3,0,4,8,0,0,0,0,0,0,1,7,0,3,15,0,0,0,0,2,4,0,0,0,1,0,0,0,5,4,0,0,1,6,0,0,0,2,1,0,0,8,2,0,3,11,0,3,0,0,3,0,0,0,0,1,0,0,0,0,0,8,1,0,2,5,1,2,0,0,0,1,0,0,0,0,1,0,0,2,0,0,0,0,0,0,0,17,1,0,0,0,0,2,1,0,0,0,4,1,0,1,0,1,0,0,0,0,0,0,0,0,0,0,0,0,0,0,0,0,1,0,0,0,0,0,4,0,0,0,0,0,0,0,0,0,0,0,0,2,0,0,0,0,0,0,0,0,1,0,0,0,12,0,0,4,0,3,0,5,0,0,0,0,8,0,3,0,0,0,9,0,0,0,1,0,2,0,0,0,0,0,3,3,0,0,0,0,0,0,1,0,5,0,1,0,0,1,1,0,2,0,0,0,5,1,12,0,1,1,0,0,0,1,0,7,0,2,0,0,0,0,0,2,0,1,0,2,0,4,39,0,1,3,0,8,1,0,0,0,0,0,3,0,0,1,0,0,0,1,1,0,0,0,0,1,0,0,0,0,3,0,0,0,0,2,1,0,1,0,1,1,0,0,3,0,0,1,0,1,0,0,1,0,1,0,3,2,1,7,1,0,0,0,0,0,0,0,1,0,0,0,0,1,0,5,5,0,0,1,0,0,0,0,0,0,0,0,0,0,0,1,0,2,0,0,0,1,0,0,0,0,0,0,0,0,0,0,0,13,0,0,0,0,2,0,0,0,0,23,7,0,0,0,0,0,0,1,0,0,0,3,0,0,0,0,0,0,0,0,2,0,0,1,1,0,1,0,7,2,0,3,1,0,0,0,0,0,0,0,0,1,0,0,0,0,0,6,0,0,0,0,0,0,0,0,0,1,0,0,5,0,0,1,0,0,0,0,4,0,0,0,1,0,0,15,0,0,0,15,1,0,2,4,0,0,9,2,0,0,2,0,0,0,0,0,0,0,0,0,2,0,1,0,0,0,0,2,20,0,9,0,0,0,5,0,0,1,0,0,2,6,0,0,0,0,1,0,1,0,2,0,13,0,2,1,0,2,0,0,0,0,0,1,1,1,1,0,1,0,0,0,1,0,0,0,3,0,0,4,0,0,0,2,0,0,6,0,0,1,0,4,0,0,1,0,0,0,0,0,0,0,0,0,0,0,0,0,2,11,1,0,0,1,0,7,0,0,1,1,0,0,0,0,2,1,0,0,0,3,0
Lcn2,0,0,0,0,0,0,0,0,0,0,0,0,0,0,0,0,0,0,0,0,0,0,0,0,0,0,0,0,0,0,0,0,0,0,0,0,0,0,0,0,0,0,0,0,0,0,0,0,0,0,0,0,0,0,0,0,0,0,0,0,0,0,0,0,0,0,0,0,0,0,0,0,0,0,0,0,0,0,0,0,0,0,0,0,0,0,0,0,0,0,0,1,0,0,0,0,0,1,0,0,0,0,0,0,0,0,0,0,0,0,0,0,0,0,0,0,0,0,0,0,0,0,0,0,0,0,0,0,0,0,0,0,0,0,0,0,0,1,0,0,0,1,0,0,0,32,0,0,1,0,0,0,0,0,6,0,1,0,0,0,0,0,0,0,0,0,0,0,0,0,0,0,0,0,0,0,0,0,0,0,0,0,0,0,0,0,0,0,0,0,0,3,0,0,0,0,0,0,0,0,0,0,0,0,0,0,0,0,7,0,3,0,0,0,0,0,0,0,0,0,0,0,0,0,0,0,0,0,0,0,0,0,0,0,0,0,0,0,0,0,0,0,0,0,0,0,0,0,0,0,0,0,1,0,0,0,0,0,0,0,0,0,0,0,0,0,0,0,0,0,0,0,0,1,0,0,0,0,0,0,0,0,0,0,4,0,0,11,2,0,0,0,0,0,0,0,0,0,0,1,0,3,0,0,0,0,0,0,0,0,0,0,0,0,0,0,0,0,0,0,0,0,0,0,0,0,0,0,0,0,0,0,0,0,0,0,0,0,0,0,0,0,0,0,0,0,0,0,0,0,4,0,0,0,0,0,0,0,0,0,0,0,0,0,0,0,0,0,0,0,0,0,0,0,0,0,0,0,0,1,0,1,0,0,1,0,0,0,0,0,0,0,0,0,0,0,0,0,0,0,0,0,0,0,0,0,0,0,0,0,0,0,0,0,0,0,0,0,0,0,0,0,0,0,0,0,0,0,0,0,0,0,0,0,1,0,0,0,0,1,0,0,0,0,0,0,0,0,0,0,0,0,0,0,0,0,0,0,0,0,0,0,0,0,0,0,0,0,0,0,0,0,0,0,0,0,0,0,0,0,0,0,0,0,0,0,0,0,0,0,0,0,0,0,0,0,0,0,0,0,0,0,0,0,0,0,0,0,0,0,0,0,0,0,0,0,0,0,14,0,0,0,0,0,0,0,0,0,0,0,0,0,0,0,0,0,0,1,0,0,0,0,0,0,0,0,0,0,0,0,0,0,0,0,0,9,0,0,0,0,0,0,0,0,0,0,0,0,0,0,0,0,0,0,0,0,0,0,0,0,0,0,0,0,0,0,0,0,0,0,0,0,0,0,0,0,0,0,0,0,0,0,0,0,0,0,0,0,0,0,0,0,0,0,0,0,0,0,0,0,0,0,0,0,0,0,0,0,0,0,0,0,0,0,0,0,0,0,0,0,0,0,0,0,0,0,0,0,0,0,0,0,0,0,0,0,0,0,0,0,0,0,0,0,0,0,0,0,0,0,0,0,0,0,0,0,0,0,0,0,0,0,0,0,0,0,0,0,0,0,0,0,0,0,0,0,0,0,0,0,0,0,0,0,0,0,0,0,0,0,0,0,0,0,0,0,0,0,0,0,0,0,0,0,0,0,0,0,0,0,0,0,1,0,0,0,0,0,0,0,0,0,0,1,0,0,0,0,0,0,0,0,0,0,0,0,0,0,0,0,0,0,0,0,0,0,0,0,0,0,0,0,0,0,0,0,0,0,0,0,0,0,0,0,0,0,0,0,0,0,0,0,0,0,0,0,0,0,0,0,0,0,0,0,0,0,0,0,0,0,0,0,0,0,0,0,0,0,0,0,0,0,0,0,0,1,0,0,0,0,0,0,0,0,0,0,0,0,0,0,0,0,0,0,0,0,0,0,0,0,0,0,8,0,0,0,0,0,0,0,0,0,0,0,0,0,0,0,0,0,0,0,0,2,0,0,0,0,0,0,0,1,1,0,0,0,0,0,0,0,0,0,0,0,0,0,0,0,1,0,0,0,0,0,0,0,0,0,0,0,0,0,0,0,0,0,0,0,0,0,0,0,0,0,0,0,0,0,0,0,0,0,0,0,0,0,0,0,0,0,0,0,0,0,0,0,0,0,0,0,0,0,0,0,0,0,0,0,0,0,0,0,0,0,0,0,0,0,0,0,0,0,0,0,0,0,0,0,1,0,0,1,0,0,0,0,0,0,0,0,0,0,0,0,0,0,0,0,8,0,0,0,0,0,0,0,0,0,0,1,1,0,1,0,0,1,0,0,0,0,0,0,0,8,0,0,1,0,0,0,0,0,0,0,1,0,0,0,0,0,0,0,0,0,0,0,0,5,0,0,0,0,0,0,0,0,0,0,1,0,0,0,0,0,0,0,0,0,1,1,0,0,0,0,0,0,0,0,0,0,0,0,0,2,0,0,0,0,5,0,0,0,0,0,0,0,0,0,0,1,2,0,1,1,0,0,0,0,0,0,0,0,2,0,0,2,0,1,1,0,0,0,0,0,2,3,0,0,0,0,0,1,0,0,0,0,0,0,0,0,0,0,0,0,0,88,1,0,0,0,1,0,0,0,0,0,0,0,0,0,0,1,0,0,0,0,0,0,0,0,0,0,0,0,0,0,0,2,0,1,0,0,0,0,0,0,0,0,0,0,0,0,0,0,1,0,0,0,1,0,0,0,0,0,0,0,0,0,0,1,0,0,0,0,0,0,0,0,0,0,0,0,0,0,0,0,0,0,0,0,0,0,0,0,0,0,1,0,0,0,0,0,0,0,0,0,0,0,0,0,0,0,0,0,0,0,0,0,0,0,0,0,0,0,0,0,0,0,0,0,36,0,0,0,0,0,0,0,0,0,0,0,0,0,0,0,0,0,0,0,0,0,0,0,0,0,0,0,0,0,0,0,0,4,0,0,0,0,0,0,0,0,0,0,1,0,0,0,0,0,0,0,0,0,0,0,0,0,0,0,0,0,0,0,0,0,0,0,0,0,0,0,0,0,0,0,0,0,0,0,0,0,0,0,0,0,8,1,0,0,1,0,0,0,0,0,0,0,4,0,0,1,0,0,0,1,0,0,1,1,0,0,1,2,0,0,0,0,0,0,0,0,0,0,0,0,0,0,1,0,0,0,0,0,0,0,0,0,0,0,0,0,0,0,0,0,0,0,0,0,0,0,0,0,0,0,0,0,0,0,0,0,0,0,0,1,1,0,0,0,0,0,0,0,0,0,0,0,0,0,0,2,0,0,1,0,0,0,0,0,0,0,1,0,0,0,0,0,1,0,0,0,0,0,1,1,0,0,0,0,0,0,0,0
Lrmp,8,0,20,0,0,0,0,0,0,5,0,8,1,0,2,1,0,0,0,0,0,0,0,0,0,0,0,0,15,0,0,2,0,10,0,0,14,0,0,28,0,0,0,1,0,0,1,0,0,0,0,0,0,0,0,0,0,0,0,0,0,9,0,0,0,0,10,0,0,0,0,7,0,0,0,0,0,9,0,1,0,0,0,0,0,0,3,0,0,0,0,0,0,0,0,1,0,0,0,0,0,36,0,0,0,0,0,0,0,0,0,0,0,0,0,0,0,12,8,0,0,0,0,0,0,0,0,0,0,0,0,0,0,0,0,0,0,1,0,0,6,0,17,0,0,0,0,0,21,0,0,0,0,0,0,0,0,0,0,0,0,0,1,0,1,7,0,0,6,3,4,0,1,1,10,2,0,0,0,0,0,0,0,0,0,3,0,0,0,0,6,0,0,1,0,2,0,0,0,0,0,0,0,0,0,0,1,0,0,0,0,0,0,0,0,0,0,1,0,0,0,0,1,13,0,0,0,0,0,0,0,3,0,0,0,0,0,0,0,0,0,13,0,0,0,0,0,0,0,0,0,0,0,0,0,16,0,0,1,0,0,0,0,0,2,0,0,0,0,0,0,18,0,0,0,0,0,0,0,1,1,0,0,0,0,0,0,0,1,0,0,0,0,0,0,1,0,0,0,0,0,0,0,0,0,0,0,0,0,0,0,1,0,0,0,0,0,0,0,0,0,0,0,0,0,0,0,6,0,0,0,0,0,0,0,0,0,0,0,0,0,0,0,0,0,0,0,10,0,0,0,0,0,0,0,0,0,0,0,1,42,0,0,0,0,0,0,0,0,0,0,0,0,0,0,0,0,0,11,0,0,0,0,0,0,0,0,0,0,0,0,19,0,0,0,0,0,0,0,0,0,0,0,0,0,0,0,0,10,0,7,0,0,0,1,0,1,0,0,0,0,0,0,4,0,0,0,0,0,0,3,0,0,0,0,0,0,0,0,0,0,0,3,0,0,0,0,0,0,0,1,0,0,0,0,0,11,0,0,0,6,0,0,0,0,0,0,7,0,1,0,0,0,0,0,1,0,0,0,0,0,0,0,1,0,3,0,1,0,0,0,0,0,0,0,0,7,0,0,0,0,0,0,0,0,0,18,0,0,1,1,17,0,0,0,0,0,0,1,0,14,0,0,0,18,0,0,1,0,0,0,0,0,0,0,0,0,0,0,0,0,0,0,0,0,0,2,0,0,0,0,0,0,0,0,0,0,0,0,0,0,0,4,0,0,0,0,7,0,0,0,0,0,0,2,0,0,0,0,0,28,0,0,0,0,0,0,0,3,0,0,0,0,0,0,1,0,0,1,0,0,0,0,11,0,0,12,1,0,0,0,0,0,0,14,0,7,0,0,0,0,0,0,0,0,0,0,3,0,0,0,3,0,0,0,0,0,0,0,0,0,0,0,0,0,0,2,0,0,0,0,0,0,0,0,0,0,0,0,0,0,6,0,1,0,0,0,1,0,0,0,0,0,0,0,0,0,0,0,0,0,0,0,0,0,0,0,0,0,0,0,0,1,0,0,0,0,0,0,0,0,0,0,0,0,0,0,0,0,0,0,0,0,0,0,0,0,0,0,0,0,0,0,12,0,4,0,0,0,0,0,0,0,0,1,0,0,0,0,1,0,0,0,0,0,0,0,0,0,0,0,0,0,0,0,0,0,6,0,0,0,0,0,0,0,0,0,1,0,0,0,0,0,0,0,0,0,0,0,0,0,0,0,1,0,0,0,0,0,1,0,1,0,0,0,0,0,0,0,0,0,0,0,0,0,0,0,0,0,0,0,0,0,0,0,0,0,0,0,0,0,0,2,0,0,0,0,11,0,0,0,1,0,0,0,0,0,0,0,0,18,0,0,0,0,0,0,0,0,0,0,0,0,0,0,0,0,0,0,0,0,0,0,0,9,4,0,0,0,0,0,0,0,0,0,0,0,1,0,0,0,0,0,0,0,0,0,2,0,0,0,0,0,0,0,0,0,0,0,0,0,0,0,0,0,0,0,0,0,0,0,0,0,0,0,0,0,0,0,0,0,0,0,0,0,0,0,0,0,0,0,0,0,0,0,0,0,0,0,0,0,0,0,0,0,0,0,0,0,0,0,0,0,0,0,0,0,0,0,0,0,0,0,0,0,0,0,0,0,0,0,0,0,0,0,0,0,0,0,0,0,0,0,0,0,0,0,0,0,0,0,0,0,0,0,0,0,0,0,0,0,0,0,0,0,13,0,0,0,0,2,0,7,0,8,0,0,0,0,0,0,0,0,0,0,0,0,0,2,0,0,0,1,0,0,0,0,0,0,0,3,0,0,0,0,0,0,0,2,0,0,0,0,0,0,10,0,0,0,0,0,0,0,0,0,0,8,15,0,0,10,0,0,0,0,0,0,0,0,0,0,0,0,0,6,0,0,0,0,0,0,0,0,0,21,0,2,0,0,0,0,0,0,0,0,0,0,0,0,34,0,0,0,9,0,1,0,0,0,0,0,0,0,0,0,0,0,1,0,1,0,12,0,0,0,0,0,0,0,0,0,0,0,0,0,0,0,0,0,0,0,0,0,0,0,0,0,0,0,4,0,0,0,0,0,1,0,0,0,0,0,0,0,0,0,0,0,0,8,0,0,0,0,0,0,0,0,0,0,1,0,0,0,13,0,0,0,0,0,0,17,0,0,0,0,0,0,0,0,0,0,0,0,0,0,0,0,0,0,0,0,0,1,0,0,0,1,0,0,0,6,10,0,0,1,0,4,1,5,4,0,0,0,0,0,0,0,0,0,0,0,0,0,0,0,0,3,0,0,8,2,1,0,0,0,0,0,14,0,0,1,0,1,0,0,0,0,0,0,8,0,0,0,0,0,0,0,0,0,0,0,0,0,0,1,0,0,0,1,0,0,0,0,0,0,0,0,5,0,0,0,0,0,0,0,0,0,2,0,0,0,0,0,0,0,0,0,0,0,0,0,0,0,0,0,0,0,8,0,0,0,0,0,0,1,0,0,0,0,0,4,0,0,0,0,0,0,0,0,0,0,0,0,0,0,0,0,0,0,0,0,0,0,0,0,0,0,0,3,4,0,0,1,0,2,0,0,0,0,2,2,1,0,0,0,0,0,0,0,0,0,0,0,0,0,0,0,0,0,0,0,0,0,0,12,0,0,1,0,0,0,0,2,1,0,0,0,0,0,0,0,0,0,0,0,0,0,0,0,1,0,0,0,0,0,0,6,0,0,1,0,3,0,0,0,0,0,0,0,0,0,0,0,0,0,0,0,9,0,0,0,0,0,0,0,1,0,0,0,0,0,0,0,0
Ly6a,0,0,0,0,0,5,5,0,0,0,0,0,0,0,1,15,0,0,0,2,0,1,0,0,0,0,0,0,0,0,0,1,8,0,0,40,0,0,0,0,3,0,0,1,2,0,0,3,0,0,0,0,1,3,0,0,1,10,0,0,0,0,0,1,0,1,0,0,1,0,0,0,5,7,0,1,0,0,1,0,0,1,0,2,0,3,0,0,0,1,1,0,0,0,0,0,0,0,0,1,0,0,0,0,0,1,0,0,0,0,0,0,0,1,0,1,0,0,5,0,1,0,1,0,5,0,0,0,0,1,14,0,0,0,0,24,0,0,3,4,0,24,1,0,8,8,2,3,0,0,1,0,6,7,0,0,0,2,0,1,6,0,0,0,4,0,0,0,0,0,0,8,0,0,0,0,0,1,4,0,0,1,0,0,0,0,0,1,0,13,0,0,0,0,0,0,5,0,0,0,0,0,0,1,0,0,0,7,0,2,0,0,0,1,0,0,0,0,0,0,1,0,4,0,0,0,21,0,10,0,0,0,0,0,1,1,0,0,17,1,0,0,0,0,3,0,0,50,2,0,0,0,0,1,1,0,3,0,0,0,4,3,1,11,0,1,0,14,0,10,0,0,0,0,0,0,1,1,8,0,0,23,3,1,0,1,0,2,11,0,7,3,3,1,0,0,1,0,14,0,0,0,1,0,0,6,0,0,0,1,0,0,0,0,5,0,2,0,0,0,2,0,0,0,3,0,0,0,1,0,0,0,0,7,4,0,0,1,0,0,0,2,0,0,1,0,0,0,0,0,0,11,1,0,0,0,0,0,6,0,0,11,0,0,0,0,0,1,4,0,0,0,2,10,0,1,1,2,0,0,2,1,0,0,0,0,6,0,0,0,0,0,8,1,0,0,2,0,2,0,0,0,0,0,0,0,0,0,0,0,1,0,0,0,0,0,0,0,1,1,0,8,17,0,0,0,4,0,0,5,0,12,0,15,12,0,0,1,2,0,0,4,0,5,0,0,2,0,5,0,0,1,0,0,3,6,0,2,0,0,0,0,7,4,59,7,0,0,0,2,1,7,1,0,0,0,1,1,0,1,1,0,0,0,0,1,17,0,0,0,0,0,0,0,1,1,1,0,4,0,15,0,0,0,1,0,0,1,4,1,1,1,0,0,5,0,6,0,0,4,0,1,1,2,0,0,5,9,1,7,1,0,15,0,2,0,1,0,1,1,1,0,1,9,19,4,0,1,0,8,0,0,2,0,2,6,1,2,0,0,0,17,0,0,3,4,0,0,9,18,0,0,0,1,0,2,1,0,1,2,0,4,0,0,5,0,0,0,0,1,0,0,0,2,0,1,0,0,11,21,0,2,0,0,1,0,0,0,0,0,2,0,0,0,0,0,0,3,0,1,0,0,3,1,3,4,0,2,0,0,0,0,0,0,2,3,0,0,0,6,0,0,0,0,0,0,0,0,0,0,0,0,0,0,0,0,1,0,0,0,0,0,1,0,0,0,0,0,2,2,0,1,0,0,5,0,0,0,1,0,0,2,0,0,0,1,4,6,0,0,3,0,4,0,0,0,0,0,0,0,0,0,0,2,0,0,0,0,0,4,0,0,0,0,0,0,5,0,2,1,6,1,1,1,0,0,0,0,3,1,1,1,2,0,4,0,1,0,0,0,2,2,2,0,1,0,0,0,0,0,0,0,0,0,0,0,0,0,0,0,0,0,0,2,1,0,0,0,1,0,0,0,0,0,0,1,0,0,0,0,0,0,4,0,0,0,0,0,10,4,4,0,0,2,1,0,0,0,0,0,2,0,0,0,0,0,0,0,0,0,0,0,0,0,0,0,5,0,0,0,3,0,0,0,1,1,1,0,0,0,4,1,0,0,0,0,0,2,2,0,0,0,0,0,1,1,0,0,1,0,0,0,0,0,0,0,0,0,0,0,0,1,0,0,0,0,0,2,4,9,2,0,0,0,0,3,0,0,0,0,1,0,0,0,0,0,0,0,0,0,0,0,0,4,0,0,0,0,0,0,1,0,0,0,0,0,1,2,0,1,0,0,0,0,0,0,1,0,0,0,0,0,0,0,0,0,1,0,0,0,0,0,0,0,6,0,0,0,0,0,0,0,0,0,0,0,1,0,0,0,4,1,0,0,0,0,0,0,0,2,0,0,0,4,0,2,3,0,0,3,0,0,0,0,2,0,1,11,0,1,0,0,0,0,0,0,0,0,0,0,0,1,0,0,0,0,0,0,5,0,0,2,0,1,7,0,2,1,1,0,0,0,1,0,0,0,0,0,0,0,4,0,0,1,1,0,1,0,0,2,2,0,2,2,1,1,0,0,1,4,0,0,0,0,0,0,1,11,0,1,3,0,0,6,124,0,0,0,1,0,0,0,0,0,0,0,1,0,0,0,0,0,0,0,0,0,6,0,0,3,0,0,0,4,0,0,1,0,2,0,1,0,0,0,0,0,0,2,0,0,2,0,0,0,1,0,0,0,0,0,0,0,0,0,0,0,0,0,3,1,1,0,1,0,0,1,1,0,1,1,0,18,0,0,0,0,0,0,0,0,0,0,0,1,0,19,0,0,0,1,0,0,0,0,3,0,0,3,0,0,1,1,0,0,2,3,0,1,1,0,0,0,5,1,2,0,2,1,0,0,0,7,7,0,1,0,0,0,0,1,0,0,2,1,0,4,0,0,0,1,0,0,0,0,2,1,0,0,0,2,0,0,0,0,0,7,0,0,1,1,0,4,0,0,1,1,0,1,0,0,0,0,0,0,0,4,0,0,0,1,0,0,0,0,0,1,0,8,2,0,0,0,1,0,0,0,0,0,0,0,13,0,0,0,1,0,0,0,2,2,19,1,1,0,0,0,0,0,0,0,1,0,7,2,1,0,0,0,1,0,1,0,0,1,0,0,1,0,0,1,1,0,8,0,0,0,0,0,2,0,5,0,0,0,1,0,0,0,1,1,1,0,2,0,0,2,0,1,0,3,0,0,0,0,1,1,0,0,0,6,0,0,0,0,1,0,2,0,0,0,0,2,0,0,5,0,1,0,0,1,0,0,0,1,19,1,0,1,0,4,0,1,2,0,0,0,1,5,0,0,3,0,1,2,0,0,0,0,0,7,5,1,3,0,0,0,3,0,0,4,0,0,0,0,0,13,0,0,0,0,0,0,0,2,0,1,3,0,1,0,0,0,1,0,0,0,12,1,11,0,0,0,3,1,0,3,0,0,0,0,2,0,0,5,0,0,0,0,0,1,0,0,2,0,0,2,0,0,0,9,0,0,0,0,3,0,0,0,0,15,0,0,0,2,0,1,1,7,0,16,0,0,1,1
Ly6d,0,0,0,3,0,0,0,0,0,0,0,0,0,0,0,0,0,0,2,1,0,0,0,1,2,0,0,0,0,0,1,0,0,1,0,6,0,0,0,0,0,0,0,9,1,1,1,0,0,0,0,0,0,0,0,0,0,0,5,0,0,8,0,0,0,0,0,0,0,0,0,0,3,0,0,0,0,0,3,0,0,1,5,1,0,0,0,0,1,0,0,0,0,0,0,0,0,0,2,0,0,0,0,0,0,1,0,0,0,0,0,5,0,0,5,0,1,0,0,0,1,0,0,0,0,0,0,4,1,0,0,0,0,0,0,0,1,0,0,1,0,1,0,0,0,11,0,0,0,0,2,0,0,0,2,0,0,4,0,0,0,0,1,5,1,0,0,0,0,0,0,0,0,1,0,0,0,0,0,0,0,0,0,0,6,1,0,0,0,3,0,0,0,0,3,0,0,6,0,0,0,0,0,0,0,0,1,0,5,0,0,0,0,0,0,0,6,0,0,0,3,0,0,0,1,0,0,0,1,0,0,0,0,1,0,0,2,0,0,0,0,0,0,0,0,0,0,0,0,0,0,0,0,0,0,1,0,0,0,1,0,0,0,0,0,0,0,1,0,3,1,0,0,0,0,0,0,0,0,0,0,0,0,0,8,0,0,1,0,0,0,0,0,0,1,1,0,0,0,0,0,0,0,0,0,27,0,0,0,0,0,0,0,0,0,4,0,0,0,0,0,0,0,0,0,1,9,1,0,0,5,0,0,0,0,0,0,0,12,0,0,1,1,0,0,1,0,0,6,1,1,0,0,1,0,0,0,16,0,0,0,0,0,0,0,0,6,0,1,0,0,0,0,4,0,0,0,4,0,0,0,1,0,0,0,0,3,0,0,0,0,0,0,0,0,0,0,0,0,0,0,0,0,0,0,1,0,0,0,0,0,0,0,3,1,1,0,0,0,0,0,0,0,0,0,0,0,0,0,0,0,0,0,0,0,0,0,0,0,0,0,19,0,0,0,0,0,1,0,0,0,0,0,0,0,0,1,0,0,0,5,0,0,3,11,0,0,0,0,0,1,0,0,0,0,0,1,0,0,0,0,0,0,0,1,0,0,0,1,0,0,0,0,0,1,0,0,0,0,0,0,0,0,0,0,0,4,0,0,1,0,0,0,0,0,0,0,0,0,0,0,0,0,0,0,0,0,0,9,0,0,0,0,0,2,0,0,0,0,0,0,0,0,1,1,0,0,3,0,0,0,0,0,0,0,2,0,1,1,0,1,0,0,0,0,0,3,0,0,0,0,0,0,0,0,0,0,9,0,1,0,0,0,1,0,0,0,0,0,2,0,0,0,0,0,0,0,0,0,0,1,1,0,1,0,0,0,0,0,2,2,0,0,0,3,0,0,4,0,0,0,1,1,0,1,0,0,0,0,0,0,0,0,0,0,0,0,2,0,0,0,0,0,0,0,9,0,0,0,0,0,0,0,0,2,0,0,0,0,0,0,1,0,0,0,0,0,5,0,0,0,0,0,0,0,0,0,2,0,0,0,0,0,0,0,0,0,0,0,9,0,0,7,1,0,1,0,0,0,0,0,0,0,0,0,0,0,0,0,0,0,0,0,0,0,0,0,0,0,0,0,0,0,0,0,0,0,0,0,0,0,0,2,0,0,0,0,0,0,1,1,0,0,0,0,0,0,0,0,0,0,0,0,0,0,0,0,0,0,0,0,0,0,0,0,0,0,0,5,0,0,0,0,0,0,0,0,0,0,1,0,0,2,0,0,0,0,0,1,0,2,0,0,0,0,0,0,0,0,0,0,0,0,0,0,0,0,1,0,0,0,0,3,0,2,0,0,0,0,0,0,9,0,0,0,0,0,0,1,0,2,0,1,0,2,0,0,0,0,0,1,0,0,0,0,0,0,0,0,0,0,1,0,1,0,0,0,0,0,0,0,0,0,1,0,0,0,0,1,0,0,0,2,0,0,1,0,0,0,0,13,3,1,0,0,0,1,0,0,0,0,1,0,0,0,0,0,0,0,2,1,0,0,0,1,0,0,0,0,0,0,0,0,0,0,0,0,0,1,0,1,0,0,1,0,0,1,0,0,0,0,1,0,0,0,0,0,0,0,0,0,0,0,1,1,0,0,0,0,0,0,0,1,0,0,1,0,0,0,0,0,0,0,0,0,0,0,2,0,0,0,0,0,0,1,0,0,0,0,0,0,0,0,0,3,0,0,0,10,0,0,1,0,0,0,0,0,0,2,0,0,0,0,0,0,9,0,0,0,0,0,0,0,0,0,0,0,0,13,0,0,1,0,1,0,0,0,2,0,1,2,0,2,0,0,0,1,0,0,0,0,0,0,0,0,0,0,2,3,18,0,1,0,0,6,0,0,0,0,0,0,0,0,22,0,0,0,0,0,0,0,0,3,0,1,0,0,0,0,8,0,4,1,0,0,2,2,0,17,0,0,0,0,7,0,0,0,0,0,1,0,0,0,0,1,0,0,2,0,0,0,3,0,0,0,1,0,0,0,0,0,0,0,1,0,0,0,0,0,0,0,11,0,0,0,0,0,0,0,0,0,0,10,0,0,5,0,0,0,0,0,0,0,3,1,0,2,0,0,0,0,0,0,3,0,1,2,0,0,0,0,0,1,0,0,0,0,14,0,0,0,0,1,0,0,0,2,0,0,0,0,0,0,0,1,0,1,0,0,1,0,0,0,0,0,0,0,2,0,3,0,0,3,0,0,0,2,1,0,0,2,4,4,0,1,0,9,0,0,5,1,0,0,0,0,0,0,0,0,0,0,0,0,0,3,0,1,0,0,0,0,0,0,0,0,0,0,0,1,2,0,0,0,0,0,0,0,1,0,1,49,0,0,0,0,0,0,0,0,1,0,0,15,0,0,1,0,0,0,0,0,0,0,1,0,1,0,1,1,0,0,1,0,0,1,0,0,0,3,0,0,1,0,0,0,0,0,0,0,0,2,1,0,0,0,0,0,0,0,1,0,0,1,0,0,0,0,0,0,0,0,0,0,0,0,0,0,0,0,1,0,0,0,1,0,0,0,0,0,0,0,0,1,0,0,0,0,0,12,4,0,0,0,0,0,0,0,0,0,1,1,0,0,0,0,0,2,0,0,2,0,4,0,0,0,0,0,0,0,0,0,1,0,3,3,1,0,0,0,0,0,0,2,0,0,0,0,0,1,0,0,0,0,0,0,0,0,2,0,0,0,0,0,0,1,1,0,0,0,0,0,0,0,0,0,0,0,0,0,16,0,0,0,1,0,0,0,0,0,0,2,0,0,0,2,0,0,0,0,0,0,0,0,0,3,0,0,0,0,0,0,0,0,0
Pigr,0,0,0,0,0,0,0,0,0,0,0,0,0,0,1,0,1,0,0,0,0,0,0,0,0,0,0,0,0,0,0,0,0,0,0,0,0,0,0,0,1,1,0,0,0,0,0,0,0,0,0,2,0,0,0,0,0,0,0,0,0,0,0,0,0,0,0,0,0,1,0,0,0,0,0,0,0,0,0,0,0,0,0,0,0,0,0,1,0,0,0,0,0,0,0,1,0,0,0,0,0,0,0,0,1,0,0,0,0,0,0,0,0,0,0,0,16,0,0,0,0,1,0,3,0,0,0,0,0,0,0,0,0,0,0,0,0,0,0,0,0,0,0,0,0,5,0,0,0,0,0,0,0,0,0,0,0,0,0,0,0,0,0,0,0,0,0,0,0,0,0,0,0,0,0,0,0,0,0,0,0,0,0,0,0,0,0,0,0,0,0,0,0,0,0,0,0,0,0,0,0,0,0,0,0,0,0,0,0,0,0,1,0,1,0,0,0,0,0,0,0,0,1,0,0,0,0,0,0,0,0,0,0,0,0,0,0,0,0,0,0,0,0,0,0,0,0,0,0,0,0,0,0,0,0,0,0,0,1,0,0,0,0,0,0,0,0,7,0,0,0,0,0,1,0,0,0,0,0,0,0,0,0,0,0,0,0,0,0,0,0,0,0,0,0,0,0,0,0,0,0,26,0,0,0,1,0,0,1,0,0,0,0,0,0,0,0,0,0,0,0,0,0,0,0,0,0,2,0,0,0,0,0,0,0,0,0,0,0,0,0,0,1,0,6,0,0,0,1,0,0,0,0,0,0,0,0,0,0,0,0,0,0,0,0,0,1,0,0,2,0,0,0,0,0,0,0,0,0,0,0,0,0,0,0,0,2,0,0,0,0,0,0,3,0,0,0,0,0,0,0,0,0,0,0,0,0,0,0,0,0,0,0,0,0,0,0,0,0,0,0,0,0,0,1,0,0,2,0,0,0,0,0,0,18,0,0,0,0,0,0,0,0,0,0,0,0,0,0,0,1,0,0,0,0,0,7,0,0,0,0,0,0,1,24,0,0,0,0,0,0,0,0,0,0,0,0,0,1,0,0,1,0,0,0,39,0,0,0,0,0,0,0,0,1,0,0,3,0,0,0,0,0,0,0,0,0,0,0,0,1,0,0,0,0,0,0,0,0,0,0,0,0,0,0,0,0,0,0,0,0,0,0,1,0,0,0,0,0,0,0,0,0,0,0,0,0,0,0,0,0,0,0,0,0,17,0,0,0,0,0,0,0,0,0,0,0,0,0,0,0,0,0,0,3,0,0,0,0,0,0,0,0,0,0,0,0,0,0,0,0,0,0,0,0,0,0,1,0,1,0,0,0,0,0,0,0,0,0,0,1,0,0,0,0,0,0,0,0,0,0,0,0,0,0,0,0,0,0,0,0,0,0,0,0,0,0,0,0,0,0,0,0,0,0,0,0,0,0,0,0,0,0,0,0,0,0,0,0,0,0,0,0,0,0,0,0,0,0,0,0,0,0,0,0,0,0,0,2,0,0,0,0,0,0,0,0,0,0,0,0,0,0,0,0,0,0,0,0,0,0,0,0,0,0,0,0,0,2,2,0,0,0,0,0,0,0,0,0,0,0,0,0,0,0,0,0,0,0,0,0,0,0,0,0,0,0,0,0,0,0,0,0,0,0,0,7,0,0,0,0,0,0,0,0,0,2,0,0,0,0,0,0,0,0,0,0,0,0,0,0,0,0,0,0,0,0,0,0,0,0,0,0,0,0,0,0,0,0,0,0,0,0,0,0,0,0,0,0,0,0,0,0,0,0,0,0,0,0,0,0,0,0,0,0,0,0,0,0,0,0,0,0,0,0,0,0,0,0,0,0,0,0,1,0,0,0,0,0,0,0,0,0,0,0,0,0,0,0,0,0,0,0,0,0,0,0,0,0,0,0,0,0,0,0,0,9,0,0,0,0,0,0,0,0,0,0,0,0,0,0,0,0,1,0,0,0,0,2,0,0,0,0,0,0,0,0,0,0,1,0,0,0,0,0,0,0,0,0,0,0,0,0,0,0,0,0,0,0,0,0,0,0,0,0,0,0,0,0,0,0,0,26,0,0,0,0,0,0,0,0,0,0,1,0,0,0,0,0,0,0,0,0,0,0,0,0,0,0,0,0,0,0,0,0,0,0,0,0,0,0,0,0,0,0,0,0,0,0,0,0,0,0,0,2,0,0,0,0,0,0,0,0,0,0,0,0,0,3,0,0,0,0,0,0,1,0,0,0,1,0,0,0,0,0,0,0,0,0,0,1,0,0,2,0,0,0,0,0,0,0,0,1,0,0,0,4,0,1,2,0,0,0,0,0,0,0,7,1,0,0,0,0,0,2,0,0,0,0,0,0,0,0,0,0,0,0,0,0,0,0,0,0,0,0,0,0,0,0,0,0,0,0,0,0,1,0,0,0,0,1,0,0,0,0,0,0,0,0,0,0,0,9,0,0,0,0,0,0,0,0,0,0,0,0,0,0,1,0,0,1,0,0,1,0,0,0,0,0,0,0,1,0,2,0,0,0,0,0,3,0,0,0,0,1,53,0,0,0,1,0,0,0,0,0,0,0,0,0,0,0,0,0,0,0,0,0,0,0,0,7,0,0,0,1,0,0,2,0,0,0,0,0,0,0,0,0,0,0,0,0,0,0,0,0,0,0,0,0,0,0,0,0,0,0,0,0,0,0,0,0,0,0,0,0,0,0,1,0,0,0,0,0,0,0,0,0,0,0,0,0,0,0,0,0,0,0,0,0,0,0,0,0,0,0,0,0,0,0,0,0,0,0,0,0,0,0,0,0,0,0,0,0,0,0,0,0,1,0,0,3,0,0,0,0,0,0,0,0,0,0,0,73,0,0,0,1,0,0,0,0,0,0,0,0,0,0,0,0,0,1,0,1,0,0,0,0,0,0,0,0,0,0,0,0,1,0,1,1,0,0,0,2,0,0,0,0,0,0,0,1,0,0,0,0,0,0,0,0,0,0,0,1,0,1,1,0,0,0,0,1,0,0,0,0,0,0,0,0,0,1,0,0,1,0,1,0,0,1,0,0,0,0,0,0,0,0,0,0,0,0,0,0,1,0,0,0,0,1,2,0,0,0,0,0,0,0,0,0,0,0,0,0,0,0,0,0,0,0,2,0,0,0,2,0,0,0,3,1,3,0,0,0,0,5,0,0,0,0,0,0,0,5,5,0,0,0,1,0,0,0,0,0,0,0,0,0,0,6,0,0,1,0,0,1,0,0,1,0,0,1,0,0,0,0,0,0,0,0,0,0,0,0,0,21,0,0,0,0,0,0,0,2,0
Prss16,0,0,0,0,0,0,0,0,0,0,34,0,0,0,0,0,0,0,0,4,0,0,2,0,1,0,0,0,0,4,0,0,0,1,0,0,0,0,0,0,0,0,0,0,0,0,0,0,1,20,0,0,0,0,0,0,0,1,0,1,0,1,0,0,0,0,0,0,0,0,0,0,0,0,0,0,0,1,0,4,0,0,0,4,0,0,0,0,0,0,0,0,0,0,0,1,0,0,1,0,0,0,0,0,9,0,0,0,0,0,0,0,0,0,3,0,0,0,0,0,0,0,0,0,0,0,0,0,0,0,0,0,0,1,0,0,0,0,0,0,0,0,0,5,0,0,0,0,0,0,0,0,0,0,0,0,0,0,0,0,0,0,0,0,0,0,0,0,0,0,0,0,0,0,0,0,0,0,0,1,0,0,0,0,0,0,0,12,0,0,0,0,0,0,0,0,2,0,0,0,0,0,0,0,0,0,0,2,0,0,0,0,0,0,1,0,0,0,0,0,0,0,0,0,0,0,0,0,0,0,0,0,0,0,0,0,0,0,0,0,1,1,0,2,0,1,0,0,1,0,0,0,0,0,0,0,0,0,1,0,0,0,0,0,0,0,0,0,0,0,0,0,0,27,0,0,0,1,0,0,0,0,1,0,0,0,1,1,0,0,0,1,0,0,1,0,116,0,0,1,2,0,0,0,1,0,0,0,2,0,0,45,1,0,0,0,1,0,0,0,1,0,0,0,0,0,0,0,0,0,2,0,0,0,0,0,0,0,0,0,0,0,0,1,0,0,0,0,0,0,0,0,0,0,0,0,2,0,0,0,0,0,0,0,0,0,0,3,0,0,0,0,0,1,0,0,0,0,0,0,0,0,0,4,0,0,0,0,0,0,0,0,0,0,0,0,0,0,0,0,0,0,0,0,0,0,0,0,0,0,0,0,0,0,0,0,0,0,0,0,0,0,0,0,0,0,0,0,0,0,0,0,0,0,0,0,0,0,0,0,0,0,0,0,0,0,0,0,1,1,0,0,0,0,0,0,0,0,0,0,0,0,0,0,0,0,0,0,0,0,0,0,0,0,0,0,0,0,0,0,0,0,0,0,0,0,0,0,0,0,0,0,0,0,0,0,0,0,0,0,0,0,0,0,0,0,0,0,0,0,0,0,0,0,0,0,0,0,0,0,0,0,0,0,0,0,0,0,0,0,0,0,0,0,0,0,0,0,0,0,0,0,0,0,0,0,0,0,0,1,0,0,0,0,0,0,0,0,0,0,0,0,0,0,0,0,0,0,0,0,0,0,0,0,0,0,0,0,0,0,0,0,0,0,0,0,0,0,0,0,0,0,0,0,0,0,0,0,0,0,0,0,0,0,0,0,0,0,0,0,0,0,0,0,0,0,0,0,0,0,0,0,0,0,0,0,0,0,0,0,0,0,0,0,0,0,0,0,0,1,0,0,0,0,0,0,0,0,0,0,0,0,0,0,0,0,0,0,0,0,0,0,0,0,0,0,0,0,0,0,1,0,0,0,0,0,0,0,0,0,0,0,0,0,0,0,0,0,0,0,0,0,0,0,0,0,0,0,0,0,0,0,0,0,0,0,0,0,0,0,0,0,0,0,0,0,0,0,0,0,0,0,0,0,0,0,0,0,0,5,0,0,0,0,0,0,0,0,0,0,0,0,0,0,0,0,0,0,0,0,0,0,0,0,0,0,0,0,0,0,0,0,0,0,0,0,0,0,0,0,2,0,0,0,0,0,1,0,0,0,0,0,0,0,0,0,0,0,0,0,0,0,0,0,0,0,0,0,0,0,0,0,0,0,0,0,0,0,0,0,0,0,0,0,0,0,0,0,0,0,0,0,0,0,0,0,0,0,0,0,2,0,0,0,0,1,0,0,1,1,0,0,0,0,0,0,0,0,0,0,0,0,0,0,0,0,0,0,0,0,0,0,1,0,0,0,0,0,0,0,0,0,0,0,2,0,0,0,0,0,0,0,0,0,0,0,0,0,0,0,0,0,0,0,0,0,0,0,0,0,0,0,0,0,0,0,0,0,0,0,0,0,0,0,0,0,0,0,0,0,0,0,0,0,0,0,0,0,0,0,0,0,0,0,1,0,0,0,0,0,0,0,0,0,0,0,0,0,0,0,0,0,0,0,0,0,0,0,0,0,0,0,0,0,0,0,0,0,0,0,0,0,0,0,0,0,0,0,0,0,0,0,0,0,0,0,0,0,0,0,0,0,0,0,0,1,0,0,0,0,0,0,0,0,0,0,0,1,0,0,0,0,3,0,0,0,0,0,0,0,0,0,3,0,0,0,0,0,1,0,0,0,1,0,0,0,0,0,0,0,0,1,0,0,3,0,0,0,38,0,0,0,0,0,2,0,0,0,0,0,0,0,0,0,0,0,0,0,0,0,0,0,0,0,0,0,0,0,0,0,0,0,0,0,0,0,0,0,0,0,0,0,0,0,0,0,0,0,0,0,0,0,0,0,0,0,0,0,0,0,0,0,0,0,0,0,0,0,0,0,2,0,0,0,0,0,0,0,0,0,0,0,0,0,0,0,0,0,0,0,0,0,1,0,0,0,0,0,0,0,0,0,0,0,0,0,0,0,0,0,0,0,0,0,0,0,0,0,0,0,0,0,0,0,0,0,0,0,0,0,0,0,0,0,0,0,4,1,0,1,0,2,0,0,0,0,1,0,1,0,1,0,45,0,1,0,0,0,2,1,0,3,53,0,0,0,2,0,0,0,0,0,1,0,30,0,124,0,2,0,0,0,0,1,0,0,0,2,0,0,0,0,0,0,5,0,1,0,0,0,0,3,0,0,0,1,0,0,0,0,0,0,0,1,0,0,0,1,0,0,1,1,1,1,0,0,0,0,0,0,0,0,0,0,0,0,0,0,0,0,0,0,0,0,0,0,0,0,0,0,0,0,0,0,0,0,0,0,0,0,0,0,0,0,0,0,0,0,0,0,0,0,0,0,0,0,0,0,0,0,0,0,0,0,0,0,0,0,0,0,0,0,0,0,0,0,0,0,0,0,0,0,0,0,0,0,0,1,0,0,0,0,0,0,0,0,0,0,0,0,0,0,0,0,0,0,0,0,0,0,0,1,0,1,0,0,0,0,0,1,0,0,0,0,0,0,0,9,0,0,0,0,0,0,0,0,1,0,1,0,0,0,0,0,0,0,1,0,0,0,0,0,1,0,1,0,1,0,0,0,0,0,0,0,0,0,0,0,0,0,0,0,0,0,0,0,0,0,0,0,0,0,0,0,3,0,0,0,0,0,0,0,0,0,0,0,0,0,0,0,1,10,0,0,0,0,0,0,0,0,0,0,0,0
Psmb11,0,0,0,0,0,0,0,0,0,0,8,0,0,0,0,0,0,4,0,0,0,0,1,0,0,0,0,0,0,0,0,0,0,0,0,0,0,0,0,0,0,0,0,0,0,0,0,0,0,18,0,0,0,0,0,0,0,0,0,0,0,0,0,0,1,0,1,0,1,0,0,0,0,0,0,0,0,0,0,0,0,0,0,0,0,1,0,0,0,0,0,0,0,0,0,0,0,0,0,0,0,0,0,0,0,0,0,0,0,0,0,0,0,0,0,0,0,0,0,0,0,0,0,0,0,3,0,0,0,0,0,0,0,0,0,0,0,0,0,0,0,0,0,5,0,0,0,0,0,0,0,0,0,0,1,0,0,0,0,0,0,0,0,0,0,0,0,0,0,1,0,0,0,0,0,0,0,0,0,0,0,0,0,0,0,0,0,4,0,0,0,0,0,0,0,0,0,0,0,0,0,0,0,0,0,0,0,0,0,0,0,0,0,0,0,0,1,0,0,0,0,0,0,0,0,0,0,0,0,0,0,0,0,0,0,0,0,0,0,0,0,1,0,0,0,1,0,0,0,0,0,0,0,0,0,0,0,0,0,0,0,0,0,0,0,0,0,0,0,0,0,0,0,10,0,0,0,0,0,0,0,1,0,0,0,0,0,0,0,0,0,0,0,0,0,0,13,0,0,0,0,0,0,0,0,1,0,0,0,0,0,16,0,0,0,0,0,0,0,0,0,0,0,0,0,0,0,0,0,0,0,0,0,0,0,0,0,0,0,0,0,0,0,0,0,0,0,0,0,0,0,0,0,0,0,0,0,0,0,0,0,0,0,0,0,0,0,0,0,0,0,0,0,0,0,0,0,0,0,0,0,0,0,3,0,0,0,0,0,0,0,0,0,0,0,0,0,0,0,0,0,0,0,0,0,0,0,0,0,0,0,0,0,0,0,0,0,0,0,0,0,0,0,0,0,0,0,0,0,0,0,0,0,0,0,0,0,0,0,0,0,0,0,0,0,0,0,0,0,0,0,0,0,0,0,0,0,0,0,0,0,0,0,0,0,0,0,0,0,0,0,0,0,0,0,0,0,0,0,0,0,0,0,0,0,0,0,0,0,0,0,0,0,0,0,0,0,0,0,0,0,0,0,0,0,0,0,0,0,0,0,0,0,0,0,0,0,0,0,0,0,0,0,0,0,0,0,0,0,0,0,0,0,0,0,0,0,0,0,0,0,0,0,0,0,0,0,0,0,0,0,0,0,0,0,0,0,0,0,0,0,0,0,0,0,0,0,0,0,0,0,0,0,0,0,0,0,0,0,0,0,0,0,0,0,0,0,0,0,0,1,0,0,0,0,0,0,0,0,0,0,0,0,0,0,0,0,0,0,0,0,0,0,0,0,0,0,0,0,0,0,0,0,0,0,0,0,0,0,0,0,0,0,0,0,0,0,1,0,0,0,0,0,0,0,0,0,0,0,0,0,0,0,0,0,0,0,0,0,0,0,0,0,0,0,0,0,0,0,0,0,0,0,0,0,0,0,0,0,0,0,0,0,0,0,0,0,0,0,0,0,0,0,0,0,0,0,0,0,0,0,0,0,0,0,0,0,0,0,0,0,0,0,0,0,0,0,0,0,0,0,0,0,0,0,0,0,0,0,1,0,0,0,0,0,0,0,0,0,0,0,0,0,0,0,0,0,0,0,0,0,0,0,0,0,0,0,0,0,0,0,0,0,0,0,0,0,0,0,0,3,0,0,0,0,0,0,0,0,0,0,0,0,0,0,0,0,0,0,0,0,0,0,0,0,0,0,0,0,0,0,0,0,0,0,0,0,0,0,0,0,0,0,0,0,0,0,0,0,0,0,0,0,0,0,0,0,0,0,0,0,0,0,0,0,0,0,0,0,0,0,0,0,0,0,0,0,0,0,0,0,0,0,0,0,0,0,0,0,0,0,0,0,0,0,0,0,0,0,0,0,0,0,0,0,0,4,0,0,0,0,0,0,0,0,0,0,0,0,0,0,0,0,0,0,0,0,0,0,0,0,0,0,0,0,0,0,0,0,0,0,0,0,0,0,0,0,0,0,0,0,0,0,0,0,0,0,0,0,0,0,0,0,0,0,0,0,0,0,0,0,0,0,0,0,0,0,0,0,0,0,0,0,0,0,1,0,0,0,0,0,0,0,0,0,0,0,0,0,0,0,0,0,0,0,0,0,0,0,0,0,0,0,0,0,0,0,0,0,0,0,0,0,0,0,1,0,0,0,0,0,0,0,0,0,0,0,0,0,0,0,0,0,0,0,0,0,0,0,0,0,0,0,0,0,0,0,0,0,0,0,0,0,0,0,0,0,0,0,0,0,1,0,0,0,0,0,0,26,0,0,0,0,0,0,0,0,0,0,0,0,0,0,0,0,0,0,0,0,0,0,0,0,0,0,0,2,0,0,0,0,0,0,0,0,0,0,0,0,0,0,0,0,0,0,0,0,0,0,0,0,0,0,0,0,0,0,0,0,0,0,0,0,0,0,0,0,0,0,0,0,0,0,0,1,0,0,0,0,0,0,0,0,0,0,0,0,0,0,0,2,0,0,0,0,0,0,0,0,0,0,0,0,1,0,0,0,0,0,0,0,0,0,0,0,2,0,0,0,0,0,0,0,0,0,0,0,0,0,0,0,0,0,0,0,1,0,0,0,0,0,0,0,0,0,0,1,0,0,0,0,0,25,0,0,0,0,0,0,2,0,0,24,0,0,0,0,0,0,0,0,0,0,0,29,0,46,0,0,1,0,0,2,0,0,0,1,0,0,0,0,0,0,0,7,0,0,1,0,0,0,0,0,1,0,0,0,0,0,0,0,0,0,0,0,0,0,0,0,0,1,0,0,0,0,0,0,0,0,0,0,1,0,0,0,0,0,0,0,0,0,0,0,0,0,0,0,0,0,0,0,0,0,0,0,0,0,0,0,0,0,0,0,0,0,0,0,0,0,0,0,0,0,0,0,0,0,0,0,0,0,0,0,0,0,0,0,0,0,0,0,0,0,0,0,0,0,0,0,0,0,0,0,0,0,0,0,9,0,0,0,0,0,1,0,0,0,0,0,0,0,0,0,0,1,0,0,0,0,0,0,0,0,0,0,0,1,0,0,0,0,0,0,0,0,0,0,15,0,0,0,0,0,0,0,0,0,0,1,0,0,0,0,0,0,0,0,0,0,0,0,0,0,0,0,0,0,0,0,0,0,0,0,0,0,0,0,0,0,0,0,0,0,0,0,0,0,0,0,0,0,0,0,0,0,0,0,0,0,0,0,0,0,0,0,0,1,0,0,0,10,3,0,0,0,0,0,0,0,0,0,0,0,0
Serpinb6a,0,0,0,0,0,0,0,0,0,0,0,2,1,0,0,4,0,0,1,3,0,0,4,2,6,1,0,1,0,0,1,0,0,6,0,0,0,0,0,2,5,0,0,23,2,0,0,0,0,1,0,0,2,0,0,0,2,2,0,0,0,2,2,0,0,1,0,2,1,1,0,1,0,0,0,0,0,1,1,0,0,2,3,0,0,0,0,0,1,0,0,0,0,0,0,0,0,1,4,0,0,0,0,0,1,0,0,0,0,0,0,0,1,3,2,0,0,1,0,0,0,0,2,6,0,3,0,0,0,0,1,1,5,0,0,2,0,0,0,1,0,0,0,1,1,0,1,1,0,0,1,0,1,0,0,0,0,1,1,0,2,0,0,0,0,0,0,0,1,0,0,0,0,2,0,1,0,1,0,0,0,1,0,0,0,0,0,1,5,0,0,0,1,0,0,0,0,0,0,0,0,2,0,0,0,0,0,0,1,0,1,0,0,0,0,0,0,1,1,0,0,1,2,2,0,0,2,0,4,0,0,0,0,0,1,0,1,3,3,3,0,5,3,18,1,0,0,6,0,0,0,1,0,0,0,0,0,0,2,0,2,0,0,0,0,0,1,10,0,1,0,1,0,0,0,0,2,3,1,1,0,2,0,1,8,0,0,3,3,0,0,0,0,0,0,0,5,0,0,4,2,2,1,1,0,2,0,0,0,0,0,4,3,0,0,0,1,0,14,0,0,0,0,0,0,0,0,0,0,1,0,0,0,1,0,0,1,2,0,0,0,0,0,0,0,0,0,1,1,0,1,1,8,1,0,0,0,0,0,1,0,6,0,0,3,0,0,0,0,0,0,0,0,0,1,0,0,0,1,1,1,0,0,0,0,0,0,0,0,0,0,5,0,0,0,0,0,0,1,0,0,0,0,0,1,0,0,0,0,0,0,0,1,0,0,1,0,0,13,0,1,2,0,0,1,0,1,0,0,0,0,0,2,1,0,1,0,0,4,2,0,6,0,0,1,0,0,0,0,0,0,0,0,0,0,0,1,0,0,0,1,2,0,0,1,0,0,0,1,0,2,89,2,0,1,0,0,0,0,0,0,0,1,0,2,0,0,0,6,0,1,1,24,0,1,8,1,0,1,1,0,0,0,0,2,2,4,0,0,0,0,2,0,0,0,0,1,0,0,1,0,0,0,1,0,0,0,3,0,0,2,0,2,1,2,0,90,1,0,0,1,1,0,0,0,0,3,0,0,0,0,3,3,0,0,1,0,0,1,0,0,0,0,1,15,2,0,1,3,0,1,0,0,1,1,2,2,1,1,0,2,0,0,1,0,1,0,0,0,0,3,1,0,0,0,0,0,1,0,1,0,4,0,0,1,0,0,0,7,1,0,3,0,1,1,2,0,0,0,0,0,0,1,0,1,0,0,2,6,3,0,0,0,0,0,0,1,0,1,0,1,0,3,0,0,0,0,0,2,0,0,0,0,0,0,0,0,0,0,0,0,0,0,0,0,3,0,0,1,0,0,0,0,0,0,0,0,0,0,0,0,0,0,0,1,0,0,0,0,5,0,0,0,0,0,0,0,0,1,2,0,0,0,1,0,0,0,0,0,0,0,0,2,0,0,0,0,0,0,1,4,0,0,1,1,2,0,0,0,0,1,0,0,3,0,0,0,0,1,0,0,0,0,1,0,1,0,0,1,0,0,0,0,0,0,0,0,0,0,2,0,0,0,0,0,0,0,2,1,0,1,1,0,1,0,0,0,1,0,0,0,3,1,0,2,2,0,1,1,0,0,0,0,4,0,0,0,0,0,0,1,0,0,1,0,22,0,0,0,1,0,0,1,0,0,0,3,0,1,0,1,0,0,0,0,1,1,3,0,0,0,0,5,6,0,0,1,3,0,1,0,0,4,0,0,1,2,1,2,0,1,0,0,3,0,0,1,1,0,0,1,0,1,0,3,2,0,3,0,4,1,0,1,0,1,0,1,0,1,0,0,0,0,0,0,0,0,0,0,1,0,0,0,2,0,0,1,0,0,0,0,0,1,0,0,0,0,0,0,0,0,0,2,0,0,1,0,1,0,0,1,0,0,1,0,0,1,18,0,3,0,0,1,0,1,0,0,0,0,0,2,0,0,1,0,0,0,0,0,0,0,0,0,1,1,0,0,0,0,4,0,0,1,1,0,0,1,0,1,3,0,0,0,0,0,0,2,0,0,0,0,0,1,1,0,1,0,0,0,0,0,0,0,1,0,0,0,0,0,0,0,0,0,0,0,0,0,0,2,0,1,1,0,1,1,0,0,1,2,0,0,0,2,2,0,0,0,0,0,0,0,0,0,0,0,1,0,0,0,0,0,0,2,0,0,0,1,2,4,0,0,1,1,0,8,0,0,0,0,0,0,0,1,0,0,1,2,1,0,0,2,0,1,1,0,0,1,0,0,2,0,0,1,0,1,0,2,1,1,0,0,0,0,1,0,2,2,0,0,1,0,0,2,0,0,0,1,0,0,0,0,1,1,0,0,0,0,72,1,0,3,3,0,0,42,0,0,0,1,2,1,2,1,1,0,0,0,0,0,1,1,0,1,1,1,0,1,0,0,0,0,1,0,3,0,1,2,0,0,0,1,0,0,2,3,103,0,0,0,0,5,2,1,0,6,0,0,0,0,0,0,0,0,0,1,0,2,0,0,0,0,0,1,1,1,1,0,2,0,0,0,0,3,2,1,0,0,0,1,1,0,0,7,1,0,3,0,0,0,2,1,1,0,0,0,0,5,0,3,2,2,4,2,0,0,1,2,1,0,0,0,0,2,0,0,0,0,2,0,0,0,1,0,2,0,0,2,0,0,2,0,0,3,0,0,0,0,0,2,0,0,2,2,1,0,0,1,0,0,1,0,0,4,0,0,0,0,0,0,0,0,1,2,0,0,1,0,0,0,0,1,2,0,2,0,0,14,0,0,0,1,0,1,2,0,0,1,0,0,2,2,0,1,0,0,0,0,0,0,0,0,8,0,0,3,1,0,2,5,0,0,0,0,1,0,0,0,0,0,1,0,0,3,0,0,1,5,0,0,0,2,0,0,2,2,0,0,1,0,1,0,0,4,1,0,0,3,0,2,2,2,0,1,1,0,0,0,0,2,0,1,1,0,1,1,0,1,0,0,1,0,0,0,0,0,1,0,0,0,0,0,0,0,0,0,1,0,0,32,0,0,0,2,0,0,0,1,0,0,2,0,0,1,0,1,0,0,0,0,0,1,0,2,0,0,1,2,0,0,0,0,0,0,0,0,0,1,0,0,1,0,1,4,0,0,1,1,0,0,0,3,3,0,0,1,0,0,0,4,0,0,0,1,4
Sox4,5,17,0,0,1,13,3,6,0,0,1,4,1,1,1,0,0,0,0,0,4,0,0,0,0,10,5,0,7,0,3,1,4,0,9,3,2,0,2,2,1,1,10,0,5,4,0,0,4,0,0,0,2,0,7,0,3,0,2,1,0,1,3,2,0,1,0,1,1,0,4,4,0,2,2,0,18,0,2,1,0,9,0,0,11,1,7,0,0,2,9,1,1,2,4,6,4,0,0,4,2,13,2,1,5,0,1,0,0,3,9,6,1,3,0,3,0,0,1,0,15,1,1,0,3,0,4,5,0,8,0,0,0,2,5,0,10,0,6,1,9,0,2,1,0,2,3,0,13,3,0,0,1,0,0,6,0,1,1,2,1,1,6,0,5,1,1,1,3,0,6,0,0,3,0,2,4,6,0,1,1,0,1,1,0,0,0,0,0,5,0,0,2,6,1,3,2,1,8,3,0,0,0,2,1,0,0,0,1,3,0,1,3,0,1,0,3,1,4,5,0,1,2,0,2,5,0,3,1,1,3,1,7,3,0,9,6,1,0,2,3,1,7,0,4,2,0,0,0,0,0,14,8,3,0,2,0,3,0,0,4,3,5,0,0,5,2,1,0,1,1,2,0,0,0,5,1,0,0,1,0,0,1,1,0,0,0,1,0,10,2,2,0,0,0,1,0,0,0,0,0,0,4,0,3,1,13,0,0,1,0,0,0,0,0,2,4,4,1,0,1,0,1,3,0,1,6,0,2,2,1,0,6,0,0,3,0,1,0,5,0,3,0,0,1,5,0,0,6,0,0,1,0,1,0,0,0,4,0,0,3,0,0,2,0,3,0,0,1,2,0,0,1,0,4,8,9,5,3,3,2,3,2,0,0,0,0,0,5,0,1,2,2,0,0,1,0,2,0,0,7,0,9,1,0,1,0,3,4,0,1,0,0,0,4,0,0,1,0,4,0,1,6,0,0,0,5,2,0,2,2,5,3,3,5,2,8,7,0,0,0,1,1,2,7,3,4,14,0,5,0,3,0,0,4,1,1,5,2,0,5,0,1,2,0,0,0,0,1,0,0,0,7,0,0,0,0,3,0,6,2,11,0,2,1,1,5,2,1,0,0,0,0,2,0,1,0,0,0,3,3,0,2,7,5,0,3,4,0,0,2,0,0,0,0,0,1,3,5,0,2,1,0,10,1,0,2,0,0,0,0,2,0,0,0,0,0,1,4,5,3,1,2,2,3,2,0,1,0,0,7,0,2,3,4,2,13,7,4,2,5,0,0,1,0,0,1,3,5,0,0,0,2,1,0,0,0,0,0,0,0,1,0,0,0,0,0,2,1,1,0,2,0,1,1,1,0,0,0,0,9,0,3,0,2,2,0,0,0,0,0,0,4,0,2,2,0,0,0,0,1,0,1,0,0,1,0,5,0,3,0,1,1,0,0,0,0,0,2,4,0,3,0,0,2,0,2,1,2,0,11,0,0,1,0,1,0,0,1,0,0,1,6,1,0,0,0,0,1,4,0,5,0,0,3,0,4,0,0,3,0,2,4,0,2,0,1,2,0,0,0,1,0,0,0,0,0,6,4,0,0,1,0,0,1,0,0,0,2,1,4,0,2,1,1,0,4,0,3,3,0,2,0,0,0,0,1,0,2,0,2,0,1,3,3,0,4,0,1,1,0,0,3,0,0,1,4,0,1,1,0,0,0,0,0,0,0,0,3,3,1,1,2,1,5,2,3,0,1,1,1,1,0,0,0,2,0,1,0,0,2,0,4,0,0,0,0,1,2,2,0,2,0,1,1,2,0,5,1,0,0,1,0,1,0,0,2,0,4,0,0,0,0,0,1,1,1,0,7,0,1,0,2,0,2,3,0,21,1,0,3,3,0,2,1,7,2,0,2,1,1,0,0,0,1,2,0,0,2,2,0,0,0,0,2,2,5,2,0,0,4,0,0,0,0,0,3,0,1,2,5,1,8,0,0,0,0,0,2,3,2,1,0,0,1,4,4,0,0,0,0,0,0,2,4,0,0,0,0,0,5,0,0,1,1,1,3,2,0,1,0,0,2,2,0,2,1,0,0,0,0,0,5,0,1,0,0,0,0,0,8,2,7,2,1,0,0,0,2,0,2,2,0,2,2,1,2,1,1,0,1,1,0,2,0,0,0,0,6,0,0,0,5,2,0,0,1,1,0,0,0,0,0,0,0,1,0,2,5,3,1,2,2,0,0,0,0,0,0,0,0,0,0,1,0,0,8,14,0,2,0,4,0,0,0,5,7,0,1,0,2,1,0,3,1,0,0,0,0,5,0,0,1,1,0,3,1,0,0,1,0,0,3,3,12,0,0,2,1,0,2,1,0,0,3,3,0,0,2,0,2,0,6,2,0,2,0,1,0,1,0,3,2,0,4,0,0,0,1,2,1,0,0,1,3,0,1,0,0,5,0,0,0,3,1,2,15,0,0,0,0,2,0,0,3,0,1,0,0,0,2,2,2,0,7,4,2,2,2,15,1,2,4,2,0,2,5,6,5,0,4,6,0,5,5,1,2,1,6,2,6,2,8,4,1,4,2,0,0,10,0,2,0,0,2,1,5,13,0,14,0,2,1,1,5,0,0,6,1,0,8,1,1,0,0,1,3,1,5,1,5,1,2,8,2,1,0,0,0,1,4,0,0,1,0,3,2,0,1,0,2,1,5,1,3,1,1,1,0,4,0,0,0,0,2,0,0,0,0,2,4,1,0,1,3,2,2,0,0,3,0,2,3,3,0,8,8,4,0,0,0,2,1,4,16,0,2,0,1,0,4,0,0,0,0,5,1,1,1,0,1,0,0,0,1,7,1,0,0,0,0,0,1,10,2,7,1,5,3,2,1,0,0,0,2,0,0,3,2,0,2,0,0,1,0,0,1,2,1,2,1,2,0,0,0,0,0,1,0,0,0,0,0,0,0,6,4,3,1,0,0,6,0,0,0,1,0,0,0,1,0,0,3,5,2,0,0,0,1,0,0,0,0,0,0,3,0,0,0,2,1,0,3,3,1,0,0,6,0,0,0,2,0,6,1,0,0,0,0,0,0,0,8,1,0,4,7,2,0,11,6,5,10,0,5,4,1,3,0,4,2,1,3,0,0,4,1,1,0,9,1,18,5,0,1,3,3,3,2,0,0,1,11,0,1,0,4,3,0,8,0,2,4,4,11,1,2,0,1,1,6,5,0,4,0,0,1,0,0,0,1,0,0,0,2,0,2,2,0,1,5,0,1,1,0,8,1,0,2,0,0,1,1,6,8,4,0,2,0,1,1,0,0,4,0,2,0,1,0,5,3,0,0,2,1,5,1,0,1,0,0,14,0,0
Trpm5,2,0,0,0,0,0,0,0,0,3,0,10,3,0,8,0,4,0,0,0,0,0,0,0,1,0,0,0,8,0,0,0,1,4,0,0,1,0,0,3,0,0,1,1,0,0,0,0,0,0,0,0,0,0,0,1,0,0,0,0,0,8,0,0,0,0,0,0,0,0,0,4,0,0,0,0,0,0,0,0,0,0,0,0,0,0,5,0,0,0,0,0,0,0,0,0,0,0,0,0,0,3,0,0,0,0,0,0,0,0,0,0,0,0,0,0,0,2,4,0,0,0,0,0,0,0,0,0,0,0,0,0,0,0,0,0,0,0,0,0,0,0,2,0,0,0,0,0,4,0,0,0,0,0,0,0,1,0,0,1,0,0,0,0,0,5,0,0,3,0,2,0,0,0,4,3,0,0,0,0,0,0,0,0,0,7,0,0,0,0,4,0,0,0,0,1,0,1,0,0,0,0,0,0,0,0,0,0,0,0,0,0,0,0,0,0,0,0,0,0,0,0,0,1,0,0,0,0,0,0,0,2,0,0,0,0,0,0,0,0,0,9,0,0,0,0,0,0,0,0,0,0,0,0,0,8,0,0,0,0,0,0,2,0,0,0,0,0,0,0,0,13,0,0,0,0,0,0,0,0,0,0,0,0,0,0,0,0,0,0,0,0,0,0,0,0,0,0,0,0,0,0,0,0,0,0,0,0,0,0,0,0,1,0,0,0,0,0,0,0,0,0,0,0,0,0,0,5,0,0,0,0,0,0,0,0,0,0,0,0,0,0,0,0,0,0,0,8,0,0,0,0,0,0,0,1,0,0,0,0,3,0,0,0,0,0,0,0,0,0,0,0,0,0,0,0,0,0,3,0,0,0,1,0,0,0,0,0,0,0,0,9,0,0,0,0,0,0,0,0,0,0,0,0,0,0,0,0,3,0,2,0,0,0,0,0,1,0,0,0,0,0,0,0,0,0,0,0,1,0,1,0,0,0,0,1,0,0,0,0,0,0,0,0,0,0,0,0,0,0,0,0,1,0,0,0,0,0,0,0,8,0,0,3,0,0,0,7,0,0,0,0,0,0,0,0,0,0,0,0,0,0,0,0,0,0,0,0,0,0,0,0,0,0,3,0,0,0,0,0,0,1,0,0,0,0,9,0,0,0,0,8,0,0,0,0,0,0,0,0,5,0,0,0,2,0,0,0,0,0,0,0,0,0,0,0,0,0,0,0,0,0,0,0,0,0,0,0,0,0,0,0,0,0,0,0,0,0,0,0,0,0,3,0,0,0,0,2,0,0,0,0,0,0,1,0,0,0,0,0,5,0,0,0,0,0,0,0,2,0,0,0,0,0,0,0,1,0,0,0,0,0,0,3,0,0,5,0,0,0,0,0,0,0,4,0,3,0,0,0,0,0,0,0,0,0,2,2,0,0,0,3,0,0,0,0,0,0,0,0,0,0,0,0,0,0,1,0,0,0,0,0,0,0,0,0,0,0,0,0,0,6,0,3,0,0,0,0,0,0,0,0,0,0,0,0,0,0,0,0,0,0,0,0,0,0,0,0,0,0,0,0,5,0,0,0,0,0,0,0,0,0,0,0,0,0,0,0,0,0,0,3,0,0,0,0,0,0,0,0,0,0,0,1,0,0,0,0,0,0,0,0,0,0,0,0,0,0,0,1,0,0,0,0,0,0,1,0,0,0,0,0,0,0,0,0,0,2,0,0,0,0,0,0,0,0,0,0,0,0,0,0,0,0,0,0,0,0,0,0,0,0,0,0,0,0,0,0,0,0,0,0,0,0,0,0,0,0,0,0,0,0,0,0,0,0,0,0,0,0,0,0,0,0,0,0,0,0,0,0,0,0,2,0,0,0,0,4,0,0,0,0,0,0,0,0,0,0,0,0,2,0,0,0,0,0,0,0,0,0,0,0,0,0,0,0,0,0,0,0,0,0,0,0,4,2,0,0,0,0,0,0,0,0,0,0,0,0,0,0,0,0,0,0,0,0,0,0,0,0,0,0,0,0,0,0,0,0,0,0,0,0,0,0,0,0,0,0,0,0,0,0,0,0,0,0,0,0,0,0,0,0,0,0,0,0,0,0,0,0,0,0,0,0,0,0,0,0,0,0,0,0,0,0,0,0,0,0,0,0,0,0,0,0,0,0,0,0,0,0,0,0,0,0,0,0,0,0,0,0,0,0,0,0,0,0,0,0,0,0,0,0,0,0,0,1,0,0,0,0,0,0,1,0,0,0,0,0,0,0,0,0,0,0,0,11,0,0,0,0,0,0,4,0,0,0,0,0,0,0,0,0,3,0,0,0,0,0,3,0,0,0,0,0,0,0,0,1,3,0,1,0,0,0,0,0,0,0,0,0,0,0,0,0,0,2,0,0,0,0,2,0,0,0,0,0,2,5,0,0,2,0,0,0,0,0,0,0,0,0,0,0,0,0,1,0,0,0,0,0,0,0,0,0,13,0,2,0,0,0,0,0,0,0,0,0,0,0,0,11,0,0,0,1,0,0,0,0,0,0,0,0,0,0,0,0,0,0,0,0,0,6,0,0,0,0,0,0,0,0,0,0,0,0,0,0,1,0,0,0,0,0,0,0,0,0,0,0,0,1,0,0,0,1,0,1,0,0,0,0,0,0,0,0,0,0,0,0,3,0,0,0,0,0,1,0,0,0,0,5,0,0,0,4,0,0,0,0,0,0,3,1,0,0,0,0,6,0,0,0,0,0,0,0,0,1,0,0,0,0,0,0,0,0,0,0,0,0,0,0,1,3,1,0,0,0,5,2,4,1,0,0,0,0,0,0,0,0,0,0,0,0,0,0,0,0,3,0,0,3,0,1,0,0,0,0,0,7,0,0,0,0,0,0,0,0,0,0,0,3,0,0,0,0,0,0,0,0,0,0,0,0,0,0,1,0,0,0,0,0,0,0,0,0,0,0,0,0,0,0,0,0,0,0,0,0,0,2,0,0,0,0,0,0,0,0,0,0,0,0,0,0,0,0,0,0,0,1,0,0,0,0,0,0,0,0,0,0,0,0,1,0,0,0,0,0,0,0,0,1,0,0,0,0,0,0,0,0,0,0,0,0,0,1,0,0,0,0,3,3,0,0,0,0,1,1,0,0,0,2,0,1,0,1,0,0,0,0,0,0,0,0,0,0,0,0,0,0,0,0,0,0,0,0,4,0,0,0,0,0,0,0,0,0,0,0,0,1,0,0,0,0,0,0,1,0,0,0,0,0,0,0,0,0,0,0,1,0,0,0,0,2,0,0,0,0,0,0,0,0,0,0,0,0,0,0,0,2,0,0,0,0,0,0,0,0,0,0,0,0,0,0,0,0
Ubd,2,0,2,13,0,1,0,0,0,1,0,0,0,0,1,3,0,0,1,1,0,0,50,6,32,1,1,89,0,78,1,1,0,0,0,2,1,0,1,2,11,0,0,16,1,0,36,0,1,0,13,0,0,0,0,4,0,7,4,1,37,1,5,0,2,8,1,0,1,15,5,0,104,1,1,1,1,0,26,1,78,0,10,35,1,2,2,0,37,0,10,3,2,2,1,9,7,17,45,0,0,1,2,5,18,1,6,4,2,1,0,2,2,2,72,1,1,0,3,0,1,0,3,159,6,68,6,1,118,2,3,2,13,17,10,2,1,27,1,2,1,2,1,1,0,34,2,0,0,1,0,3,2,0,2,1,0,18,3,0,0,0,2,0,6,0,1,12,0,13,0,0,0,6,2,2,8,8,2,2,6,20,5,0,37,0,13,0,3,0,0,0,5,0,1,0,0,0,0,1,1,0,7,0,1,1,4,0,11,2,3,1,0,1,0,3,0,1,1,0,2,1,2,0,5,0,0,5,1,0,2,0,3,4,5,0,1,96,1,0,12,0,0,24,5,8,4,46,1,40,17,1,1,1,1,4,0,3,131,12,7,5,3,3,1,12,68,36,6,4,1,1,7,0,30,0,1,0,3,19,8,59,0,0,15,1,2,10,1,35,5,0,5,1,4,0,8,0,0,4,24,9,2,6,3,4,1,0,10,0,1,3,33,16,1,1,15,0,2,4,2,0,130,6,0,0,3,0,1,2,87,3,1,9,3,2,5,94,8,11,2,0,2,12,2,8,1,2,15,5,16,1,1,8,0,0,4,2,1,1,0,22,12,4,4,1,9,2,1,3,0,4,1,10,7,1,0,1,0,4,0,0,0,2,47,0,42,0,1,0,1,0,1,19,3,0,2,0,3,0,4,2,0,6,22,5,2,1,1,74,1,5,0,4,7,6,0,2,1,1,4,1,1,1,3,6,3,1,3,4,0,8,2,1,3,15,2,3,1,6,1,57,2,4,1,0,0,26,3,6,1,1,0,0,1,13,2,0,0,0,2,6,0,7,48,1,13,0,5,0,15,108,9,0,1,10,4,0,11,5,0,0,35,1,15,6,3,2,3,11,1,5,4,10,7,53,0,3,0,16,0,0,0,1,11,7,1,1,0,0,7,0,23,9,4,10,4,7,18,1,0,0,13,3,0,6,0,17,167,1,2,1,8,7,14,7,24,9,0,2,1,7,2,6,4,2,11,18,3,144,0,70,0,7,3,35,2,1,9,0,7,0,0,1,1,4,5,2,30,2,38,1,2,1,1,2,0,44,11,0,0,1,2,21,1,23,6,14,1,0,84,0,19,7,0,3,1,0,2,53,1,11,4,0,0,0,1,3,22,16,1,50,3,8,0,2,0,4,0,8,2,6,10,0,5,2,9,0,4,4,15,0,0,2,4,0,3,60,1,0,1,0,0,0,0,0,0,1,4,0,1,4,2,0,0,0,1,0,0,0,0,0,3,0,1,10,15,14,11,0,4,1,8,8,4,33,0,4,9,0,7,0,0,3,0,4,0,0,0,36,1,0,0,10,9,19,0,1,7,43,5,4,3,0,0,1,7,0,4,33,0,0,7,2,1,9,3,0,2,0,2,1,1,0,10,0,2,6,1,0,4,9,1,0,0,1,1,0,0,0,15,1,5,2,7,0,0,0,7,0,0,0,0,0,0,1,0,1,1,4,0,14,3,1,0,0,6,0,1,0,2,0,0,1,2,2,6,3,1,4,0,20,6,0,9,10,5,24,1,1,9,0,0,1,2,0,0,0,1,1,1,0,0,1,1,12,3,1,0,2,1,1,14,0,26,1,4,0,1,0,1,0,2,3,1,10,0,0,0,1,0,3,55,25,3,1,8,3,0,5,0,0,25,8,1,0,26,0,1,3,5,1,9,16,3,0,3,0,0,4,1,8,74,1,0,0,2,115,1,4,31,16,0,1,15,1,0,1,0,0,5,0,0,23,0,0,0,0,0,12,0,1,0,0,0,0,5,2,8,0,17,1,14,4,0,3,0,0,6,1,0,9,7,0,21,0,2,0,0,12,7,21,17,0,0,1,27,5,2,0,0,0,0,0,56,0,0,14,0,1,1,9,7,2,2,0,6,14,1,9,0,20,7,0,4,17,13,2,0,0,12,3,0,1,19,4,0,5,41,0,21,0,0,5,0,6,4,2,0,0,24,0,8,3,1,1,2,3,1,5,27,2,0,0,0,0,0,3,8,1,1,1,37,2,0,2,0,0,0,3,92,10,0,3,3,1,1,27,5,0,0,9,0,2,0,3,12,2,0,1,0,3,2,2,54,6,2,2,0,1,0,0,2,30,10,1,0,17,9,24,0,15,8,3,29,1,7,0,0,6,0,0,1,0,1,0,1,0,0,0,0,18,1,0,1,19,0,3,0,2,32,3,6,0,1,21,2,24,1,0,7,0,9,47,0,0,0,0,3,8,10,9,1,3,2,0,28,0,1,4,0,7,4,2,1,56,0,33,8,20,13,19,1,2,26,7,2,13,4,18,4,6,3,0,2,0,10,0,21,2,4,8,2,5,1,2,1,4,35,25,28,2,5,22,4,19,29,2,19,0,3,1,11,1,52,72,3,0,3,1,27,4,4,2,20,5,6,1,2,8,3,3,2,12,1,0,2,2,35,0,1,0,2,2,11,0,0,40,1,0,1,9,23,1,4,1,1,22,56,53,0,2,47,0,4,53,2,3,0,1,1,2,1,2,0,5,23,5,39,54,0,5,44,4,0,5,1,0,0,0,0,0,0,0,30,0,3,1,0,8,2,6,0,18,6,1,0,0,11,0,0,0,51,1,1,0,2,4,1,0,10,1,79,30,1,0,1,0,4,0,0,0,18,7,42,3,5,3,2,2,3,4,4,0,1,0,13,14,8,9,25,50,27,7,4,1,2,0,10,1,1,0,5,1,3,1,9,1,7,3,23,30,5,3,0,2,9,1,0,1,24,11,1,20,10,3,14,1,5,1,0,16,0,6,2,1,0,1,32,44,0,1,8,4,1,2,14,3,5,20,50,4,9,3,40,4,6,1,11,1,4,6,5,38,1,1,4,3,1,0,64,1,0,12,3,3,13,15,11,6,15,6,2,20,11,1,0,6,8,21,2,9,1,24,1,8,0,14,1,1,14,2,1,3,2,2,1,2,7,0,2,2,19,2,1,20,1,27,20,2,0,0,30,10,5,19,11,4,4,4,5,1,1,4,13,5,3,1,0,12,1,0,0,1,5,0,0,2,13,0,2,19,5,26,12,1,28,1,12,1,14,83,1,1,3,3,1,4,4,3,0,0,2,1
